,urn,component,size,size_hh,n
0,95030,1,1,141,1
0,95022,2,1,157,1
0,125354,3,2,169,1
1,95052,3,2,169,1
0,95035,4,1,184,1
0,127257,5,3,417,1
1,95059,5,3,417,1
2,95108,5,3,417,1
0,95051,6,1,80,1
0,95103,7,1,15,1
0,95057,8,1,86,1
0,95053,9,1,80,1
0,95025,10,1,75,1
0,95047,11,1,111,1
0,95037,12,1,174,1
0,95045,13,1,94,1
0,95038,14,1,95,1
0,95020,15,1,128,1
0,95032,16,1,167,1
0,95031,17,1,153,1
0,95033,18,1,135,1
0,95054,19,1,72,1
0,95058,20,1,99,1
0,95056,21,1,84,1
0,134849,22,1,79,1
0,95034,23,1,141,1
0,95041,24,1,92,1
0,95043,25,1,100,1
0,95023,26,1,160,1
0,95019,27,2,178,1
1,95021,27,2,178,1
0,95055,28,1,88,1
0,95027,29,1,80,1
0,95039,30,1,96,1
0,95046,31,1,86,1
0,95060,32,1,108,1
0,95026,33,1,86,1
0,95024,34,1,93,1
0,95042,35,1,89,1
0,95040,36,1,91,1
0,131819,37,1,38,1
0,95048,38,1,66,1
0,95044,39,1,79,1
0,95049,40,1,14,1
0,135698,41,1,128,1
0,95030,1,1,141,2
0,95022,2,1,157,2
0,125354,3,1,77,2
0,95035,4,1,184,2
0,127257,5,1,255,2
0,95051,6,1,80,2
0,95103,7,1,15,2
0,95057,8,1,86,2
0,95053,9,1,80,2
0,95025,10,1,75,2
0,95047,11,1,111,2
0,95032,12,3,395,2
1,95108,12,3,395,2
2,95037,12,3,395,2
0,95045,13,1,94,2
0,95038,14,1,95,2
0,95020,15,1,128,2
0,95059,16,1,110,2
0,95031,17,1,153,2
0,95033,18,1,135,2
0,95054,19,1,72,2
0,95058,20,1,99,2
0,95056,21,1,84,2
0,134849,22,1,79,2
0,95034,23,1,141,2
0,95041,24,1,92,2
0,95043,25,1,100,2
0,95023,26,1,160,2
0,95052,27,1,93,2
0,95021,28,1,167,2
0,95055,29,1,88,2
0,95027,30,1,80,2
0,95019,31,1,12,2
0,95039,32,1,96,2
0,95046,33,1,86,2
0,95060,34,1,108,2
0,95026,35,1,86,2
0,95024,36,1,93,2
0,95042,37,1,89,2
0,95040,38,1,91,2
0,131819,39,1,38,2
0,95048,40,1,66,2
0,95044,41,1,79,2
0,95049,42,1,14,2
0,135698,43,1,128,2
0,95030,1,1,141,3
0,95022,2,1,157,3
0,125354,3,1,77,3
0,95035,4,1,184,3
0,127257,5,2,309,3
1,95108,5,2,309,3
0,95051,6,1,80,3
0,95103,7,1,15,3
0,95057,8,1,86,3
0,95053,9,1,80,3
0,95025,10,1,75,3
0,95047,11,1,111,3
0,95037,12,1,174,3
0,95045,13,1,94,3
0,95038,14,1,95,3
0,95020,15,1,128,3
0,95059,16,1,110,3
0,95032,17,1,167,3
0,95031,18,1,153,3
0,95033,19,1,135,3
0,95054,20,1,72,3
0,95058,21,1,99,3
0,95056,22,1,84,3
0,134849,23,1,79,3
0,95034,24,1,141,3
0,95041,25,1,92,3
0,95043,26,1,100,3
0,95023,27,1,160,3
0,95052,28,1,93,3
0,95021,29,1,167,3
0,95055,30,1,88,3
0,95027,31,1,80,3
0,95019,32,1,12,3
0,95039,33,1,96,3
0,95046,34,1,86,3
0,95060,35,1,108,3
0,95026,36,1,86,3
0,95024,37,1,93,3
0,95042,38,1,89,3
0,95040,39,1,91,3
0,131819,40,1,38,3
0,95048,41,1,66,3
0,95044,42,1,79,3
0,95049,43,1,14,3
0,135698,44,1,128,3
0,95033,1,2,275,4
1,95030,1,2,275,4
0,95022,2,1,157,4
0,125354,3,1,77,4
0,95035,4,1,184,4
0,127257,5,1,255,4
0,95051,6,1,80,4
0,95103,7,1,15,4
0,95057,8,1,86,4
0,95053,9,1,80,4
0,95025,10,1,75,4
0,95047,11,1,111,4
0,95037,12,1,174,4
0,95045,13,1,94,4
0,95038,14,1,95,4
0,95020,15,1,128,4
0,95059,16,1,110,4
0,95032,17,1,167,4
0,95031,18,1,153,4
0,95054,19,1,72,4
0,95058,20,1,99,4
0,95056,21,1,84,4
0,134849,22,1,79,4
0,95034,23,1,141,4
0,95041,24,1,92,4
0,95043,25,1,100,4
0,95023,26,1,160,4
0,95052,27,1,93,4
0,95021,28,1,167,4
0,95055,29,1,88,4
0,95027,30,1,80,4
0,95019,31,1,12,4
0,95039,32,1,96,4
0,95046,33,1,86,4
0,95060,34,1,108,4
0,95026,35,1,86,4
0,95024,36,1,93,4
0,95042,37,1,89,4
0,95040,38,1,91,4
0,131819,39,1,38,4
0,95048,40,1,66,4
0,95108,41,1,56,4
0,95044,42,1,79,4
0,95049,43,1,14,4
0,135698,44,1,128,4
0,95030,1,1,141,5
0,95022,2,1,157,5
0,125354,3,1,77,5
0,95035,4,1,184,5
0,127257,5,2,326,5
1,95054,5,2,326,5
0,95051,6,1,80,5
0,95103,7,1,15,5
0,95057,8,1,86,5
0,95053,9,1,80,5
0,95025,10,1,75,5
0,95047,11,1,111,5
0,95037,12,1,174,5
0,95045,13,1,94,5
0,95038,14,1,95,5
0,95020,15,1,128,5
0,95059,16,1,110,5
0,95032,17,1,167,5
0,95031,18,1,153,5
0,95033,19,1,135,5
0,95058,20,1,99,5
0,95056,21,1,84,5
0,134849,22,1,79,5
0,95034,23,1,141,5
0,95041,24,1,92,5
0,95043,25,1,100,5
0,95023,26,1,160,5
0,95052,27,1,93,5
0,95021,28,1,167,5
0,95055,29,1,88,5
0,95027,30,1,80,5
0,95019,31,1,12,5
0,95039,32,1,96,5
0,95046,33,1,86,5
0,95060,34,1,108,5
0,95026,35,1,86,5
0,95024,36,1,93,5
0,95042,37,1,89,5
0,95040,38,1,91,5
0,131819,39,1,38,5
0,95048,40,1,66,5
0,95108,41,1,56,5
0,95044,42,1,79,5
0,95049,43,1,14,5
0,135698,44,1,128,5
0,95030,1,1,141,6
0,95022,2,1,157,6
0,125354,3,1,77,6
0,95035,4,1,184,6
0,127257,5,1,255,6
0,95051,6,1,80,6
0,95103,7,1,15,6
0,95057,8,1,86,6
0,95053,9,1,80,6
0,95025,10,1,75,6
0,95047,11,1,111,6
0,95037,12,1,174,6
0,95045,13,1,94,6
0,95038,14,1,95,6
0,95020,15,1,128,6
0,95059,16,1,110,6
0,95032,17,1,167,6
0,95031,18,1,153,6
0,95033,19,1,135,6
0,95054,20,1,72,6
0,95058,21,1,99,6
0,95056,22,1,84,6
0,134849,23,1,79,6
0,95034,24,1,141,6
0,95041,25,1,92,6
0,95043,26,1,100,6
0,95023,27,1,160,6
0,95052,28,1,93,6
0,95021,29,1,167,6
0,95055,30,1,88,6
0,95027,31,1,80,6
0,95019,32,1,12,6
0,95039,33,1,96,6
0,95046,34,1,86,6
0,95060,35,1,108,6
0,95026,36,1,86,6
0,95024,37,1,93,6
0,95042,38,1,89,6
0,95040,39,1,91,6
0,131819,40,1,38,6
0,95048,41,1,66,6
0,95108,42,1,56,6
0,95044,43,1,79,6
0,95049,44,1,14,6
0,135698,45,1,128,6
0,127257,1,2,395,7
1,95030,1,2,395,7
0,95022,2,1,157,7
0,125354,3,1,77,7
0,95035,4,1,184,7
0,95051,5,1,80,7
0,95103,6,1,15,7
0,95057,7,1,86,7
0,95053,8,1,80,7
0,95025,9,1,75,7
0,95047,10,1,111,7
0,95037,11,1,174,7
0,95045,12,1,94,7
0,95038,13,1,95,7
0,95020,14,1,128,7
0,95059,15,1,110,7
0,95032,16,1,167,7
0,95031,17,1,153,7
0,95033,18,1,135,7
0,95054,19,1,72,7
0,95058,20,1,99,7
0,95056,21,1,84,7
0,134849,22,1,79,7
0,95034,23,1,141,7
0,95041,24,1,92,7
0,95043,25,1,100,7
0,95023,26,1,160,7
0,95052,27,1,93,7
0,95021,28,1,167,7
0,95055,29,1,88,7
0,95027,30,1,80,7
0,95019,31,1,12,7
0,95039,32,1,96,7
0,95046,33,1,86,7
0,95060,34,1,108,7
0,95026,35,1,86,7
0,95024,36,1,93,7
0,95042,37,1,89,7
0,95040,38,1,91,7
0,131819,39,1,38,7
0,95048,40,1,66,7
0,95108,41,1,56,7
0,95044,42,1,79,7
0,95049,43,1,14,7
0,135698,44,1,128,7
0,95033,1,2,275,8
1,95030,1,2,275,8
0,95022,2,1,157,8
0,125354,3,1,77,8
0,95035,4,1,184,8
0,127257,5,1,255,8
0,95051,6,1,80,8
0,95103,7,1,15,8
0,95057,8,1,86,8
0,95053,9,1,80,8
0,95025,10,1,75,8
0,95047,11,1,111,8
0,95037,12,1,174,8
0,95045,13,1,94,8
0,95038,14,1,95,8
0,95020,15,2,235,8
1,95060,15,2,235,8
0,95059,16,1,110,8
0,95032,17,1,167,8
0,95031,18,1,153,8
0,95054,19,1,72,8
0,95058,20,1,99,8
0,95056,21,1,84,8
0,134849,22,1,79,8
0,95034,23,1,141,8
0,95041,24,1,92,8
0,95043,25,1,100,8
0,95023,26,1,160,8
0,95048,27,2,158,8
1,95052,27,2,158,8
0,95021,28,1,167,8
0,95055,29,1,88,8
0,95027,30,1,80,8
0,95019,31,1,12,8
0,95039,32,1,96,8
0,95046,33,1,86,8
0,95026,34,1,86,8
0,95024,35,1,93,8
0,95042,36,1,89,8
0,95040,37,1,91,8
0,131819,38,1,38,8
0,95108,39,1,56,8
0,95044,40,1,79,8
0,95049,41,1,14,8
0,135698,42,1,128,8
0,95027,1,2,220,9
1,95030,1,2,220,9
0,95022,2,1,157,9
0,125354,3,1,77,9
0,95035,4,1,184,9
0,127257,5,3,435,9
1,95108,5,3,435,9
2,95020,5,3,435,9
0,95051,6,1,80,9
0,95103,7,1,15,9
0,95057,8,1,86,9
0,95053,9,1,80,9
0,95025,10,1,75,9
0,95047,11,1,111,9
0,95037,12,1,174,9
0,95045,13,1,94,9
0,95038,14,1,95,9
0,95059,15,1,110,9
0,95032,16,1,167,9
0,95031,17,1,153,9
0,95033,18,1,135,9
0,95054,19,1,72,9
0,95058,20,1,99,9
0,95056,21,1,84,9
0,134849,22,1,79,9
0,95034,23,1,141,9
0,95041,24,1,92,9
0,95043,25,1,100,9
0,95023,26,1,160,9
0,95052,27,1,93,9
0,95021,28,1,167,9
0,95055,29,1,88,9
0,95019,30,1,12,9
0,95039,31,1,96,9
0,95024,32,2,178,9
1,95046,32,2,178,9
0,95060,33,1,108,9
0,95026,34,1,86,9
0,95042,35,1,89,9
0,95040,36,1,91,9
0,131819,37,1,38,9
0,95048,38,1,66,9
0,95044,39,1,79,9
0,95049,40,1,14,9
0,135698,41,1,128,9
0,95030,1,1,141,10
0,95022,2,1,157,10
0,125354,3,1,77,10
0,95035,4,1,184,10
0,127257,5,1,255,10
0,95044,6,4,320,10
1,95051,6,4,320,10
2,95108,6,4,320,10
3,95060,6,4,320,10
0,95103,7,1,15,10
0,95057,8,1,86,10
0,95053,9,1,80,10
0,95025,10,1,75,10
0,95047,11,1,111,10
0,95037,12,1,174,10
0,95045,13,1,94,10
0,95038,14,1,95,10
0,95020,15,1,128,10
0,95059,16,1,110,10
0,95032,17,1,167,10
0,95031,18,1,153,10
0,95024,19,2,226,10
1,95033,19,2,226,10
0,95054,20,1,72,10
0,95058,21,1,99,10
0,95056,22,1,84,10
0,134849,23,1,79,10
0,95034,24,1,141,10
0,95041,25,1,92,10
0,95043,26,1,100,10
0,95023,27,1,160,10
0,95052,28,1,93,10
0,95021,29,1,167,10
0,95055,30,1,88,10
0,95027,31,1,80,10
0,95019,32,1,12,10
0,95039,33,1,96,10
0,95046,34,1,86,10
0,95026,35,1,86,10
0,95042,36,1,89,10
0,95040,37,1,91,10
0,131819,38,1,38,10
0,95048,39,1,66,10
0,95049,40,1,14,10
0,135698,41,1,128,10
0,95030,1,1,141,11
0,95022,2,1,157,11
0,125354,3,1,77,11
0,95035,4,1,184,11
0,127257,5,1,255,11
0,95051,6,1,80,11
0,95103,7,1,15,11
0,95057,8,1,86,11
0,95053,9,1,80,11
0,95025,10,1,75,11
0,95047,11,1,111,11
0,95037,12,1,174,11
0,95045,13,1,94,11
0,95038,14,2,247,11
1,95031,14,2,247,11
0,95020,15,1,128,11
0,95059,16,1,110,11
0,95032,17,1,167,11
0,95033,18,1,135,11
0,95054,19,1,72,11
0,95058,20,1,99,11
0,95056,21,1,84,11
0,134849,22,1,79,11
0,95034,23,1,141,11
0,95041,24,1,92,11
0,95043,25,1,100,11
0,95023,26,1,160,11
0,95052,27,1,93,11
0,95021,28,1,167,11
0,95055,29,1,88,11
0,95027,30,1,80,11
0,95019,31,1,12,11
0,95039,32,1,96,11
0,95046,33,1,86,11
0,95108,34,2,163,11
1,95060,34,2,163,11
0,95026,35,1,86,11
0,95024,36,1,93,11
0,95042,37,1,89,11
0,95040,38,1,91,11
0,131819,39,1,38,11
0,95048,40,1,66,11
0,95044,41,1,79,11
0,95049,42,1,14,11
0,135698,43,1,128,11
0,127257,1,2,395,12
1,95030,1,2,395,12
0,95022,2,1,157,12
0,125354,3,1,77,12
0,95035,4,1,184,12
0,95051,5,1,80,12
0,95103,6,1,15,12
0,95057,7,1,86,12
0,95053,8,1,80,12
0,95025,9,1,75,12
0,95047,10,1,111,12
0,95037,11,1,174,12
0,95045,12,1,94,12
0,95038,13,1,95,12
0,95048,14,2,192,12
1,95020,14,2,192,12
0,95059,15,1,110,12
0,95032,16,1,167,12
0,95031,17,1,153,12
0,95024,18,2,226,12
1,95033,18,2,226,12
0,95054,19,1,72,12
0,95058,20,1,99,12
0,95056,21,1,84,12
0,134849,22,1,79,12
0,95034,23,1,141,12
0,95041,24,1,92,12
0,95043,25,1,100,12
0,95023,26,1,160,12
0,95052,27,1,93,12
0,95021,28,1,167,12
0,95055,29,1,88,12
0,95027,30,1,80,12
0,95019,31,1,12,12
0,95039,32,1,96,12
0,95046,33,1,86,12
0,95060,34,1,108,12
0,95026,35,1,86,12
0,95042,36,1,89,12
0,95040,37,1,91,12
0,131819,38,1,38,12
0,95108,39,1,56,12
0,95044,40,1,79,12
0,95049,41,1,14,12
0,135698,42,1,128,12
0,95030,1,1,141,13
0,95022,2,1,157,13
0,125354,3,1,77,13
0,95035,4,1,184,13
0,127257,5,1,255,13
0,95051,6,1,80,13
0,95103,7,1,15,13
0,95057,8,1,86,13
0,95053,9,1,80,13
0,95025,10,1,75,13
0,95047,11,1,111,13
0,95037,12,1,174,13
0,95045,13,1,94,13
0,95038,14,1,95,13
0,95020,15,1,128,13
0,95059,16,1,110,13
0,95032,17,1,167,13
0,95031,18,1,153,13
0,95033,19,1,135,13
0,95054,20,1,72,13
0,95058,21,1,99,13
0,95056,22,1,84,13
0,134849,23,1,79,13
0,95034,24,1,141,13
0,95041,25,1,92,13
0,95043,26,1,100,13
0,95023,27,1,160,13
0,95052,28,1,93,13
0,95021,29,1,167,13
0,95055,30,1,88,13
0,95027,31,1,80,13
0,95019,32,1,12,13
0,95039,33,1,96,13
0,95046,34,1,86,13
0,95060,35,1,108,13
0,95026,36,1,86,13
0,95024,37,1,93,13
0,95042,38,1,89,13
0,95040,39,1,91,13
0,131819,40,1,38,13
0,95048,41,1,66,13
0,95108,42,1,56,13
0,95044,43,1,79,13
0,95049,44,1,14,13
0,135698,45,1,128,13
0,95108,1,2,196,14
1,95030,1,2,196,14
0,95022,2,1,157,14
0,125354,3,1,77,14
0,95035,4,1,184,14
0,127257,5,1,255,14
0,95051,6,1,80,14
0,95103,7,1,15,14
0,95057,8,1,86,14
0,95053,9,1,80,14
0,95025,10,1,75,14
0,95047,11,1,111,14
0,95037,12,1,174,14
0,95045,13,1,94,14
0,95038,14,1,95,14
0,95020,15,1,128,14
0,95059,16,1,110,14
0,95032,17,1,167,14
0,95031,18,1,153,14
0,95033,19,1,135,14
0,95054,20,1,72,14
0,95058,21,1,99,14
0,95056,22,1,84,14
0,134849,23,1,79,14
0,95034,24,1,141,14
0,95041,25,1,92,14
0,95043,26,1,100,14
0,95023,27,1,160,14
0,95052,28,1,93,14
0,95021,29,1,167,14
0,95055,30,1,88,14
0,95027,31,1,80,14
0,95019,32,1,12,14
0,95039,33,1,96,14
0,95046,34,1,86,14
0,95060,35,1,108,14
0,95026,36,1,86,14
0,95024,37,1,93,14
0,95042,38,1,89,14
0,95040,39,1,91,14
0,131819,40,1,38,14
0,95048,41,1,66,14
0,95044,42,1,79,14
0,95049,43,1,14,14
0,135698,44,1,128,14
0,95030,1,1,141,15
0,95022,2,1,157,15
0,125354,3,1,77,15
0,95035,4,1,184,15
0,127257,5,1,255,15
0,95051,6,1,80,15
0,95103,7,1,15,15
0,95057,8,1,86,15
0,95053,9,1,80,15
0,95025,10,1,75,15
0,95047,11,1,111,15
0,95037,12,1,174,15
0,95045,13,1,94,15
0,95038,14,1,95,15
0,95020,15,1,128,15
0,95059,16,1,110,15
0,95032,17,1,167,15
0,95031,18,1,153,15
0,95033,19,1,135,15
0,95054,20,1,72,15
0,95058,21,1,99,15
0,95056,22,1,84,15
0,134849,23,1,79,15
0,95034,24,1,141,15
0,95041,25,1,92,15
0,95043,26,1,100,15
0,95023,27,1,160,15
0,95052,28,1,93,15
0,95021,29,1,167,15
0,95055,30,1,88,15
0,95027,31,1,80,15
0,95019,32,1,12,15
0,95039,33,1,96,15
0,95046,34,1,86,15
0,95060,35,1,108,15
0,95026,36,1,86,15
0,95024,37,1,93,15
0,95042,38,1,89,15
0,95040,39,1,91,15
0,131819,40,1,38,15
0,95048,41,1,66,15
0,95108,42,1,56,15
0,95044,43,1,79,15
0,95049,44,1,14,15
0,135698,45,1,128,15
0,95030,1,1,141,16
0,95022,2,1,157,16
0,125354,3,1,77,16
0,95035,4,1,184,16
0,127257,5,1,255,16
0,95051,6,1,80,16
0,95103,7,1,15,16
0,95057,8,1,86,16
0,95053,9,1,80,16
0,95025,10,1,75,16
0,95047,11,1,111,16
0,95037,12,1,174,16
0,95045,13,1,94,16
0,95038,14,1,95,16
0,95020,15,1,128,16
0,95059,16,1,110,16
0,95032,17,1,167,16
0,95031,18,1,153,16
0,95033,19,1,135,16
0,95054,20,1,72,16
0,95058,21,1,99,16
0,95056,22,1,84,16
0,134849,23,1,79,16
0,95034,24,1,141,16
0,95041,25,1,92,16
0,95043,26,1,100,16
0,95023,27,1,160,16
0,95052,28,1,93,16
0,95021,29,1,167,16
0,95108,30,2,143,16
1,95055,30,2,143,16
0,95027,31,1,80,16
0,95019,32,1,12,16
0,95039,33,1,96,16
0,95046,34,1,86,16
0,95060,35,1,108,16
0,95026,36,1,86,16
0,95024,37,1,93,16
0,95042,38,1,89,16
0,95040,39,1,91,16
0,131819,40,1,38,16
0,95048,41,1,66,16
0,95044,42,1,79,16
0,95049,43,1,14,16
0,135698,44,1,128,16
0,95030,1,1,141,17
0,95022,2,1,157,17
0,125354,3,1,77,17
0,95035,4,1,184,17
0,127257,5,1,255,17
0,95051,6,1,80,17
0,95103,7,1,15,17
0,95057,8,1,86,17
0,95053,9,1,80,17
0,95025,10,1,75,17
0,95047,11,1,111,17
0,95037,12,1,174,17
0,95045,13,1,94,17
0,95038,14,1,95,17
0,95048,15,2,192,17
1,95020,15,2,192,17
0,95059,16,1,110,17
0,95032,17,1,167,17
0,95060,18,2,260,17
1,95031,18,2,260,17
0,95024,19,2,226,17
1,95033,19,2,226,17
0,95054,20,1,72,17
0,95058,21,1,99,17
0,95056,22,1,84,17
0,134849,23,1,79,17
0,95034,24,1,141,17
0,95041,25,1,92,17
0,95043,26,1,100,17
0,95023,27,1,160,17
0,95052,28,1,93,17
0,95021,29,1,167,17
0,95055,30,1,88,17
0,95027,31,1,80,17
0,95019,32,1,12,17
0,95039,33,1,96,17
0,95046,34,1,86,17
0,95026,35,1,86,17
0,95042,36,1,89,17
0,95040,37,1,91,17
0,131819,38,1,38,17
0,95108,39,1,56,17
0,95044,40,1,79,17
0,95049,41,1,14,17
0,135698,42,1,128,17
0,95030,1,1,141,18
0,95022,2,1,157,18
0,125354,3,1,77,18
0,95035,4,1,184,18
0,127257,5,1,255,18
0,95051,6,1,80,18
0,95103,7,1,15,18
0,95057,8,1,86,18
0,95053,9,1,80,18
0,95025,10,1,75,18
0,95047,11,1,111,18
0,95037,12,1,174,18
0,95045,13,1,94,18
0,95038,14,1,95,18
0,95020,15,1,128,18
0,95059,16,1,110,18
0,95032,17,1,167,18
0,95031,18,1,153,18
0,95033,19,1,135,18
0,95054,20,1,72,18
0,95058,21,1,99,18
0,95056,22,1,84,18
0,134849,23,1,79,18
0,95034,24,1,141,18
0,95041,25,1,92,18
0,95043,26,1,100,18
0,95023,27,1,160,18
0,95052,28,1,93,18
0,95021,29,1,167,18
0,95055,30,1,88,18
0,95027,31,1,80,18
0,95019,32,1,12,18
0,95039,33,1,96,18
0,95046,34,1,86,18
0,95060,35,1,108,18
0,95026,36,1,86,18
0,95024,37,1,93,18
0,95042,38,1,89,18
0,95040,39,1,91,18
0,131819,40,1,38,18
0,95048,41,1,66,18
0,95108,42,1,56,18
0,95044,43,1,79,18
0,95049,44,1,14,18
0,135698,45,1,128,18
0,95030,1,1,141,19
0,95022,2,1,157,19
0,125354,3,1,77,19
0,95035,4,1,184,19
0,127257,5,1,255,19
0,95051,6,1,80,19
0,95103,7,1,15,19
0,95057,8,1,86,19
0,95053,9,1,80,19
0,95025,10,1,75,19
0,95047,11,1,111,19
0,95037,12,1,174,19
0,95045,13,1,94,19
0,95038,14,1,95,19
0,95020,15,1,128,19
0,95059,16,1,110,19
0,95032,17,1,167,19
0,95031,18,1,153,19
0,95033,19,1,135,19
0,95054,20,1,72,19
0,95058,21,1,99,19
0,95056,22,1,84,19
0,134849,23,1,79,19
0,95034,24,1,141,19
0,95041,25,1,92,19
0,95043,26,1,100,19
0,95023,27,1,160,19
0,95052,28,1,93,19
0,95021,29,1,167,19
0,95055,30,1,88,19
0,95027,31,1,80,19
0,95019,32,1,12,19
0,95039,33,1,96,19
0,95046,34,1,86,19
0,95060,35,1,108,19
0,95026,36,1,86,19
0,95024,37,1,93,19
0,95042,38,1,89,19
0,95040,39,1,91,19
0,131819,40,1,38,19
0,95048,41,1,66,19
0,95108,42,1,56,19
0,95044,43,1,79,19
0,95049,44,1,14,19
0,135698,45,1,128,19
0,95030,1,1,141,20
0,95035,2,2,340,20
1,95022,2,2,340,20
0,125354,3,1,77,20
0,127257,4,1,255,20
0,95051,5,1,80,20
0,95103,6,1,15,20
0,95057,7,1,86,20
0,95053,8,1,80,20
0,95025,9,1,75,20
0,95047,10,1,111,20
0,95037,11,1,174,20
0,95045,12,1,94,20
0,95038,13,1,95,20
0,95020,14,1,128,20
0,95059,15,1,110,20
0,95032,16,1,167,20
0,95031,17,1,153,20
0,95033,18,1,135,20
0,95054,19,1,72,20
0,95058,20,1,99,20
0,95056,21,1,84,20
0,134849,22,1,79,20
0,95034,23,1,141,20
0,95041,24,1,92,20
0,95043,25,1,100,20
0,95023,26,1,160,20
0,95052,27,1,93,20
0,95021,28,1,167,20
0,95055,29,1,88,20
0,95027,30,1,80,20
0,95019,31,1,12,20
0,95039,32,1,96,20
0,95046,33,1,86,20
0,95060,34,1,108,20
0,95026,35,1,86,20
0,95024,36,1,93,20
0,95042,37,1,89,20
0,95040,38,1,91,20
0,131819,39,1,38,20
0,95048,40,1,66,20
0,95108,41,1,56,20
0,95044,42,1,79,20
0,95049,43,1,14,20
0,135698,44,1,128,20
0,95030,1,1,141,21
0,95026,2,2,242,21
1,95022,2,2,242,21
0,125354,3,1,77,21
0,95035,4,1,184,21
0,127257,5,1,255,21
0,95051,6,1,80,21
0,95103,7,1,15,21
0,95057,8,1,86,21
0,95053,9,1,80,21
0,95025,10,1,75,21
0,95047,11,1,111,21
0,95037,12,1,174,21
0,95045,13,1,94,21
0,95038,14,1,95,21
0,95108,15,3,274,21
1,95020,15,3,274,21
2,95052,15,3,274,21
0,95059,16,1,110,21
0,95032,17,1,167,21
0,95031,18,1,153,21
0,95033,19,1,135,21
0,95054,20,1,72,21
0,95058,21,1,99,21
0,95056,22,1,84,21
0,134849,23,1,79,21
0,95034,24,1,141,21
0,95041,25,1,92,21
0,95043,26,1,100,21
0,95023,27,1,160,21
0,95021,28,1,167,21
0,95055,29,1,88,21
0,95027,30,1,80,21
0,95019,31,1,12,21
0,95039,32,1,96,21
0,95046,33,1,86,21
0,95060,34,1,108,21
0,95024,35,1,93,21
0,95042,36,1,89,21
0,95040,37,1,91,21
0,131819,38,1,38,21
0,95048,39,1,66,21
0,95044,40,1,79,21
0,95049,41,1,14,21
0,135698,42,1,128,21
0,95030,1,1,141,22
0,95022,2,1,157,22
0,125354,3,1,77,22
0,95035,4,1,184,22
0,127257,5,2,309,22
1,95108,5,2,309,22
0,95051,6,1,80,22
0,95103,7,1,15,22
0,95057,8,1,86,22
0,95053,9,1,80,22
0,95025,10,1,75,22
0,95047,11,1,111,22
0,95037,12,1,174,22
0,95045,13,1,94,22
0,95038,14,1,95,22
0,95020,15,1,128,22
0,95059,16,1,110,22
0,95032,17,1,167,22
0,95031,18,1,153,22
0,95033,19,1,135,22
0,95054,20,1,72,22
0,95058,21,1,99,22
0,95056,22,1,84,22
0,134849,23,1,79,22
0,95034,24,1,141,22
0,95041,25,1,92,22
0,95043,26,1,100,22
0,95023,27,1,160,22
0,95052,28,1,93,22
0,95021,29,1,167,22
0,95055,30,1,88,22
0,95027,31,1,80,22
0,95019,32,1,12,22
0,95039,33,1,96,22
0,95046,34,1,86,22
0,95060,35,1,108,22
0,95026,36,1,86,22
0,95024,37,1,93,22
0,95042,38,1,89,22
0,95040,39,1,91,22
0,131819,40,1,38,22
0,95048,41,1,66,22
0,95044,42,1,79,22
0,95049,43,1,14,22
0,135698,44,1,128,22
0,95030,1,1,141,23
0,95022,2,1,157,23
0,125354,3,1,77,23
0,95035,4,1,184,23
0,127257,5,1,255,23
0,95051,6,1,80,23
0,95103,7,1,15,23
0,95057,8,1,86,23
0,95053,9,1,80,23
0,95025,10,1,75,23
0,95047,11,1,111,23
0,95037,12,1,174,23
0,95045,13,1,94,23
0,95038,14,1,95,23
0,95020,15,1,128,23
0,95059,16,2,217,23
1,95060,16,2,217,23
0,95032,17,1,167,23
0,95031,18,1,153,23
0,95033,19,1,135,23
0,95054,20,1,72,23
0,95058,21,1,99,23
0,95056,22,1,84,23
0,134849,23,1,79,23
0,95034,24,1,141,23
0,95041,25,1,92,23
0,95043,26,1,100,23
0,95023,27,1,160,23
0,95052,28,1,93,23
0,95021,29,1,167,23
0,95055,30,1,88,23
0,95027,31,1,80,23
0,95019,32,1,12,23
0,95039,33,1,96,23
0,95046,34,1,86,23
0,95026,35,1,86,23
0,95024,36,1,93,23
0,95042,37,1,89,23
0,95040,38,1,91,23
0,131819,39,1,38,23
0,95048,40,1,66,23
0,95108,41,1,56,23
0,95044,42,1,79,23
0,95049,43,1,14,23
0,135698,44,1,128,23
0,95030,1,1,141,24
0,95022,2,1,157,24
0,125354,3,1,77,24
0,95035,4,1,184,24
0,127257,5,1,255,24
0,95051,6,1,80,24
0,95103,7,1,15,24
0,95057,8,1,86,24
0,95053,9,1,80,24
0,95025,10,1,75,24
0,95047,11,1,111,24
0,95037,12,1,174,24
0,95045,13,1,94,24
0,95038,14,1,95,24
0,95048,15,2,192,24
1,95020,15,2,192,24
0,95059,16,1,110,24
0,95032,17,1,167,24
0,95031,18,1,153,24
0,95033,19,1,135,24
0,95042,20,2,160,24
1,95054,20,2,160,24
0,95058,21,1,99,24
0,95056,22,1,84,24
0,134849,23,1,79,24
0,95034,24,1,141,24
0,95041,25,1,92,24
0,95043,26,1,100,24
0,95023,27,1,160,24
0,95052,28,1,93,24
0,95021,29,1,167,24
0,95055,30,1,88,24
0,95027,31,1,80,24
0,95019,32,1,12,24
0,95039,33,1,96,24
0,95046,34,1,86,24
0,95060,35,1,108,24
0,95026,36,1,86,24
0,95024,37,1,93,24
0,95040,38,1,91,24
0,131819,39,1,38,24
0,95108,40,1,56,24
0,95044,41,1,79,24
0,95049,42,1,14,24
0,135698,43,1,128,24
0,95033,1,2,275,25
1,95030,1,2,275,25
0,95022,2,1,157,25
0,127257,3,2,331,25
1,125354,3,2,331,25
0,95035,4,1,184,25
0,95051,5,1,80,25
0,95103,6,1,15,25
0,95057,7,1,86,25
0,95053,8,1,80,25
0,95025,9,1,75,25
0,95047,10,1,111,25
0,95037,11,1,174,25
0,95045,12,1,94,25
0,95038,13,1,95,25
0,95020,14,1,128,25
0,95059,15,1,110,25
0,95032,16,1,167,25
0,95031,17,1,153,25
0,95054,18,1,72,25
0,95058,19,1,99,25
0,95056,20,1,84,25
0,134849,21,1,79,25
0,95034,22,1,141,25
0,95041,23,1,92,25
0,95043,24,1,100,25
0,95023,25,1,160,25
0,95052,26,1,93,25
0,95021,27,1,167,25
0,95055,28,1,88,25
0,95027,29,1,80,25
0,95019,30,1,12,25
0,95039,31,1,96,25
0,95046,32,1,86,25
0,95108,33,2,163,25
1,95060,33,2,163,25
0,95026,34,1,86,25
0,95024,35,1,93,25
0,95042,36,1,89,25
0,95040,37,1,91,25
0,131819,38,1,38,25
0,95048,39,1,66,25
0,95044,40,1,79,25
0,95049,41,1,14,25
0,135698,42,1,128,25
0,95030,1,1,141,26
0,95022,2,1,157,26
0,95048,3,4,357,26
1,125354,3,4,357,26
2,95020,3,4,357,26
3,95052,3,4,357,26
0,95035,4,1,184,26
0,127257,5,1,255,26
0,95051,6,1,80,26
0,95103,7,1,15,26
0,95057,8,1,86,26
0,95108,9,2,135,26
1,95053,9,2,135,26
0,95025,10,1,75,26
0,95047,11,1,111,26
0,95037,12,1,174,26
0,95045,13,1,94,26
0,95038,14,1,95,26
0,95059,15,1,110,26
0,95032,16,1,167,26
0,95031,17,1,153,26
0,95033,18,1,135,26
0,95054,19,1,72,26
0,95058,20,1,99,26
0,95056,21,1,84,26
0,134849,22,1,79,26
0,95034,23,1,141,26
0,95041,24,1,92,26
0,95043,25,1,100,26
0,95023,26,1,160,26
0,95021,27,1,167,26
0,95055,28,1,88,26
0,95027,29,1,80,26
0,95019,30,1,12,26
0,95039,31,1,96,26
0,95046,32,1,86,26
0,95060,33,1,108,26
0,95026,34,1,86,26
0,95024,35,1,93,26
0,95042,36,1,89,26
0,95040,37,1,91,26
0,131819,38,1,38,26
0,95044,39,1,79,26
0,95049,40,1,14,26
0,135698,41,1,128,26
0,95030,1,1,141,27
0,95022,2,1,157,27
0,95048,3,4,357,27
1,125354,3,4,357,27
2,95020,3,4,357,27
3,95052,3,4,357,27
0,95035,4,1,184,27
0,127257,5,1,255,27
0,95051,6,1,80,27
0,95103,7,1,15,27
0,95057,8,1,86,27
0,95053,9,1,80,27
0,95025,10,1,75,27
0,95047,11,1,111,27
0,95037,12,1,174,27
0,95045,13,1,94,27
0,95038,14,1,95,27
0,95059,15,1,110,27
0,95032,16,1,167,27
0,95031,17,1,153,27
0,95033,18,1,135,27
0,95054,19,1,72,27
0,95058,20,1,99,27
0,95056,21,1,84,27
0,134849,22,1,79,27
0,95034,23,1,141,27
0,95041,24,1,92,27
0,95043,25,1,100,27
0,95023,26,1,160,27
0,95021,27,1,167,27
0,95055,28,1,88,27
0,95027,29,1,80,27
0,95019,30,1,12,27
0,95039,31,1,96,27
0,95046,32,1,86,27
0,95060,33,1,108,27
0,95026,34,1,86,27
0,95024,35,1,93,27
0,95042,36,1,89,27
0,95040,37,1,91,27
0,131819,38,1,38,27
0,95108,39,2,134,27
1,95044,39,2,134,27
0,95049,40,1,14,27
0,135698,41,1,128,27
0,95030,1,1,141,28
0,95022,2,1,157,28
0,125354,3,1,77,28
0,95035,4,1,184,28
0,127257,5,1,255,28
0,95051,6,1,80,28
0,95103,7,1,15,28
0,95057,8,1,86,28
0,95037,9,3,308,28
1,95108,9,3,308,28
2,95053,9,3,308,28
0,95025,10,1,75,28
0,95047,11,1,111,28
0,95045,12,1,94,28
0,95038,13,1,95,28
0,95020,14,1,128,28
0,95059,15,1,110,28
0,95032,16,1,167,28
0,95031,17,1,153,28
0,95033,18,1,135,28
0,95054,19,1,72,28
0,95058,20,1,99,28
0,95056,21,1,84,28
0,134849,22,1,79,28
0,95034,23,1,141,28
0,95041,24,1,92,28
0,95043,25,1,100,28
0,95023,26,1,160,28
0,95052,27,1,93,28
0,95021,28,1,167,28
0,95055,29,1,88,28
0,95027,30,1,80,28
0,95019,31,1,12,28
0,95039,32,1,96,28
0,95024,33,2,178,28
1,95046,33,2,178,28
0,95060,34,1,108,28
0,95026,35,1,86,28
0,95042,36,1,89,28
0,95040,37,1,91,28
0,131819,38,1,38,28
0,95048,39,1,66,28
0,95044,40,1,79,28
0,95049,41,1,14,28
0,135698,42,1,128,28
0,95033,1,2,275,29
1,95030,1,2,275,29
0,95022,2,1,157,29
0,125354,3,2,169,29
1,95052,3,2,169,29
0,95035,4,1,184,29
0,127257,5,1,255,29
0,95051,6,1,80,29
0,95103,7,1,15,29
0,95057,8,1,86,29
0,95053,9,1,80,29
0,95025,10,1,75,29
0,95047,11,1,111,29
0,95037,12,1,174,29
0,95045,13,1,94,29
0,95038,14,1,95,29
0,95020,15,1,128,29
0,95059,16,1,110,29
0,95032,17,1,167,29
0,95031,18,1,153,29
0,95054,19,1,72,29
0,95058,20,1,99,29
0,95056,21,1,84,29
0,134849,22,1,79,29
0,95034,23,1,141,29
0,95041,24,1,92,29
0,95043,25,1,100,29
0,95023,26,1,160,29
0,95021,27,1,167,29
0,95055,28,1,88,29
0,95027,29,1,80,29
0,95019,30,1,12,29
0,95039,31,1,96,29
0,95046,32,1,86,29
0,95060,33,1,108,29
0,95026,34,1,86,29
0,95024,35,1,93,29
0,95042,36,1,89,29
0,95040,37,1,91,29
0,131819,38,1,38,29
0,95048,39,1,66,29
0,95108,40,1,56,29
0,95044,41,1,79,29
0,95049,42,1,14,29
0,135698,43,1,128,29
0,95030,1,1,141,30
0,95022,2,1,157,30
0,125354,3,1,77,30
0,95035,4,1,184,30
0,127257,5,1,255,30
0,95051,6,1,80,30
0,95103,7,1,15,30
0,95057,8,1,86,30
0,95053,9,1,80,30
0,95025,10,1,75,30
0,95047,11,1,111,30
0,95037,12,1,174,30
0,95045,13,1,94,30
0,95038,14,1,95,30
0,95059,15,2,237,30
1,95020,15,2,237,30
0,95032,16,1,167,30
0,95031,17,1,153,30
0,95033,18,1,135,30
0,95054,19,1,72,30
0,95058,20,1,99,30
0,95056,21,1,84,30
0,134849,22,1,79,30
0,95034,23,1,141,30
0,95041,24,1,92,30
0,95043,25,1,100,30
0,95023,26,1,160,30
0,95052,27,1,93,30
0,95021,28,1,167,30
0,95055,29,1,88,30
0,95027,30,1,80,30
0,95019,31,1,12,30
0,95039,32,1,96,30
0,95046,33,1,86,30
0,95060,34,1,108,30
0,95026,35,1,86,30
0,95024,36,1,93,30
0,95042,37,1,89,30
0,95040,38,1,91,30
0,131819,39,1,38,30
0,95048,40,1,66,30
0,95108,41,1,56,30
0,95044,42,1,79,30
0,95049,43,1,14,30
0,135698,44,1,128,30
0,95030,1,1,141,31
0,95022,2,1,157,31
0,95048,3,2,139,31
1,125354,3,2,139,31
0,95035,4,1,184,31
0,127257,5,1,255,31
0,95051,6,1,80,31
0,95103,7,1,15,31
0,95057,8,1,86,31
0,95053,9,1,80,31
0,95025,10,1,75,31
0,95047,11,1,111,31
0,95037,12,1,174,31
0,95045,13,1,94,31
0,95038,14,1,95,31
0,95020,15,1,128,31
0,95059,16,1,110,31
0,95032,17,1,167,31
0,95031,18,1,153,31
0,95033,19,1,135,31
0,95054,20,1,72,31
0,95058,21,1,99,31
0,95056,22,1,84,31
0,134849,23,1,79,31
0,95034,24,1,141,31
0,95041,25,1,92,31
0,95043,26,1,100,31
0,95023,27,1,160,31
0,95052,28,1,93,31
0,95021,29,1,167,31
0,95055,30,1,88,31
0,95027,31,1,80,31
0,95019,32,1,12,31
0,95039,33,1,96,31
0,95046,34,1,86,31
0,95060,35,1,108,31
0,95026,36,1,86,31
0,95024,37,1,93,31
0,95042,38,1,89,31
0,95040,39,1,91,31
0,131819,40,1,38,31
0,95108,41,1,56,31
0,95044,42,1,79,31
0,95049,43,1,14,31
0,135698,44,1,128,31
0,95030,1,1,141,32
0,95022,2,1,157,32
0,95048,3,2,139,32
1,125354,3,2,139,32
0,95035,4,1,184,32
0,127257,5,1,255,32
0,95051,6,1,80,32
0,95103,7,1,15,32
0,95057,8,1,86,32
0,95053,9,1,80,32
0,95025,10,1,75,32
0,95047,11,1,111,32
0,95037,12,1,174,32
0,95045,13,1,94,32
0,95038,14,1,95,32
0,95020,15,2,220,32
1,95052,15,2,220,32
0,95059,16,1,110,32
0,95032,17,1,167,32
0,95031,18,1,153,32
0,95033,19,1,135,32
0,95042,20,2,160,32
1,95054,20,2,160,32
0,95058,21,1,99,32
0,95056,22,1,84,32
0,134849,23,1,79,32
0,95034,24,1,141,32
0,95041,25,1,92,32
0,95043,26,1,100,32
0,95023,27,1,160,32
0,95021,28,1,167,32
0,95055,29,1,88,32
0,95027,30,1,80,32
0,95019,31,1,12,32
0,95039,32,1,96,32
0,95046,33,1,86,32
0,95060,34,1,108,32
0,95026,35,1,86,32
0,95024,36,1,93,32
0,95040,37,1,91,32
0,131819,38,1,38,32
0,95108,39,1,56,32
0,95044,40,1,79,32
0,95049,41,1,14,32
0,135698,42,1,128,32
0,95030,1,1,141,33
0,95026,2,2,242,33
1,95022,2,2,242,33
0,125354,3,1,77,33
0,95035,4,1,184,33
0,127257,5,1,255,33
0,95051,6,1,80,33
0,95103,7,1,15,33
0,95057,8,1,86,33
0,95053,9,1,80,33
0,95025,10,1,75,33
0,95047,11,1,111,33
0,95037,12,1,174,33
0,95045,13,1,94,33
0,95038,14,1,95,33
0,95020,15,1,128,33
0,95059,16,1,110,33
0,95032,17,1,167,33
0,95060,18,2,260,33
1,95031,18,2,260,33
0,95033,19,1,135,33
0,95054,20,1,72,33
0,95058,21,1,99,33
0,95056,22,1,84,33
0,134849,23,1,79,33
0,95034,24,1,141,33
0,95041,25,1,92,33
0,95043,26,1,100,33
0,95023,27,1,160,33
0,95052,28,1,93,33
0,95021,29,1,167,33
0,95055,30,1,88,33
0,95027,31,1,80,33
0,95019,32,1,12,33
0,95039,33,1,96,33
0,95046,34,1,86,33
0,95024,35,1,93,33
0,95042,36,1,89,33
0,95040,37,1,91,33
0,131819,38,1,38,33
0,95048,39,1,66,33
0,95108,40,1,56,33
0,95044,41,1,79,33
0,95049,42,1,14,33
0,135698,43,1,128,33
0,95108,1,2,196,34
1,95030,1,2,196,34
0,95022,2,1,157,34
0,125354,3,2,203,34
1,95020,3,2,203,34
0,95035,4,1,184,34
0,127257,5,1,255,34
0,95051,6,1,80,34
0,95103,7,1,15,34
0,95057,8,1,86,34
0,95053,9,1,80,34
0,95025,10,1,75,34
0,95047,11,1,111,34
0,95037,12,1,174,34
0,95045,13,1,94,34
0,95038,14,1,95,34
0,95059,15,1,110,34
0,95032,16,1,167,34
0,95031,17,1,153,34
0,95033,18,1,135,34
0,95054,19,1,72,34
0,95058,20,1,99,34
0,95056,21,1,84,34
0,134849,22,1,79,34
0,95034,23,1,141,34
0,95041,24,1,92,34
0,95043,25,1,100,34
0,95039,26,2,255,34
1,95023,26,2,255,34
0,95052,27,1,93,34
0,95021,28,1,167,34
0,95055,29,1,88,34
0,95027,30,1,80,34
0,95019,31,1,12,34
0,95046,32,1,86,34
0,95060,33,1,108,34
0,95026,34,1,86,34
0,95024,35,1,93,34
0,95042,36,1,89,34
0,95040,37,1,91,34
0,131819,38,1,38,34
0,95048,39,1,66,34
0,95044,40,1,79,34
0,95049,41,1,14,34
0,135698,42,1,128,34
0,95030,1,1,141,35
0,95022,2,1,157,35
0,95048,3,2,139,35
1,125354,3,2,139,35
0,95035,4,1,184,35
0,127257,5,1,255,35
0,95051,6,1,80,35
0,95103,7,1,15,35
0,95057,8,2,179,35
1,95045,8,2,179,35
0,95053,9,1,80,35
0,95025,10,1,75,35
0,95047,11,1,111,35
0,95037,12,1,174,35
0,95038,13,1,95,35
0,95020,14,1,128,35
0,95059,15,1,110,35
0,95032,16,1,167,35
0,95031,17,1,153,35
0,95033,18,1,135,35
0,95054,19,1,72,35
0,95058,20,1,99,35
0,95056,21,1,84,35
0,134849,22,1,79,35
0,95034,23,1,141,35
0,95041,24,1,92,35
0,95043,25,1,100,35
0,95023,26,1,160,35
0,95052,27,1,93,35
0,95021,28,1,167,35
0,95055,29,1,88,35
0,95027,30,1,80,35
0,95019,31,1,12,35
0,95039,32,1,96,35
0,95046,33,1,86,35
0,95060,34,1,108,35
0,95026,35,1,86,35
0,95024,36,1,93,35
0,95042,37,1,89,35
0,95040,38,1,91,35
0,131819,39,1,38,35
0,95108,40,1,56,35
0,95044,41,1,79,35
0,95049,42,1,14,35
0,135698,43,1,128,35
0,95030,1,1,141,36
0,95022,2,1,157,36
0,125354,3,1,77,36
0,95035,4,1,184,36
0,127257,5,1,255,36
0,95051,6,1,80,36
0,95103,7,1,15,36
0,95057,8,1,86,36
0,95053,9,1,80,36
0,95025,10,1,75,36
0,95047,11,1,111,36
0,95037,12,1,174,36
0,95045,13,1,94,36
0,95038,14,1,95,36
0,95020,15,1,128,36
0,95059,16,1,110,36
0,95032,17,1,167,36
0,95031,18,1,153,36
0,95033,19,1,135,36
0,95054,20,1,72,36
0,95058,21,1,99,36
0,95056,22,1,84,36
0,134849,23,1,79,36
0,95034,24,1,141,36
0,95041,25,1,92,36
0,95043,26,1,100,36
0,95023,27,1,160,36
0,95052,28,1,93,36
0,95021,29,1,167,36
0,95055,30,1,88,36
0,95027,31,1,80,36
0,95019,32,1,12,36
0,95039,33,1,96,36
0,95046,34,1,86,36
0,95060,35,1,108,36
0,95026,36,1,86,36
0,95024,37,1,93,36
0,95042,38,1,89,36
0,95040,39,1,91,36
0,131819,40,1,38,36
0,95048,41,1,66,36
0,95108,42,1,56,36
0,95044,43,1,79,36
0,95049,44,1,14,36
0,135698,45,1,128,36
0,95030,1,1,141,37
0,95022,2,1,157,37
0,95048,3,4,357,37
1,125354,3,4,357,37
2,95020,3,4,357,37
3,95052,3,4,357,37
0,95035,4,1,184,37
0,127257,5,1,255,37
0,95051,6,1,80,37
0,95103,7,1,15,37
0,95057,8,1,86,37
0,95053,9,1,80,37
0,95025,10,1,75,37
0,95047,11,1,111,37
0,95037,12,1,174,37
0,95045,13,1,94,37
0,95038,14,1,95,37
0,95059,15,1,110,37
0,95032,16,1,167,37
0,95031,17,1,153,37
0,95033,18,1,135,37
0,95054,19,1,72,37
0,95058,20,1,99,37
0,95056,21,2,191,37
1,95060,21,2,191,37
0,134849,22,1,79,37
0,95034,23,3,323,37
1,135698,23,3,323,37
2,95108,23,3,323,37
0,95041,24,1,92,37
0,95043,25,1,100,37
0,95023,26,1,160,37
0,95021,27,1,167,37
0,95055,28,1,88,37
0,95027,29,1,80,37
0,95019,30,1,12,37
0,95039,31,1,96,37
0,95046,32,1,86,37
0,95026,33,1,86,37
0,95024,34,1,93,37
0,95042,35,1,89,37
0,95040,36,1,91,37
0,131819,37,1,38,37
0,95044,38,1,79,37
0,95049,39,1,14,37
0,95030,1,1,141,38
0,95035,2,2,340,38
1,95022,2,2,340,38
0,125354,3,1,77,38
0,127257,4,1,255,38
0,95051,5,1,80,38
0,95103,6,1,15,38
0,95057,7,1,86,38
0,95053,8,1,80,38
0,95025,9,1,75,38
0,95047,10,1,111,38
0,95037,11,1,174,38
0,95045,12,1,94,38
0,95038,13,1,95,38
0,95020,14,1,128,38
0,95059,15,1,110,38
0,95032,16,1,167,38
0,95031,17,1,153,38
0,95033,18,1,135,38
0,95019,19,2,83,38
1,95054,19,2,83,38
0,95058,20,1,99,38
0,95056,21,1,84,38
0,134849,22,1,79,38
0,95034,23,1,141,38
0,95041,24,1,92,38
0,95043,25,1,100,38
0,95023,26,1,160,38
0,95052,27,1,93,38
0,95021,28,1,167,38
0,95108,29,2,143,38
1,95055,29,2,143,38
0,95027,30,1,80,38
0,95039,31,1,96,38
0,95046,32,1,86,38
0,95060,33,1,108,38
0,95026,34,1,86,38
0,95024,35,1,93,38
0,95042,36,1,89,38
0,95040,37,1,91,38
0,131819,38,1,38,38
0,95048,39,1,66,38
0,95044,40,1,79,38
0,95049,41,1,14,38
0,135698,42,1,128,38
0,95033,1,2,275,39
1,95030,1,2,275,39
0,95022,2,1,157,39
0,125354,3,1,77,39
0,95035,4,1,184,39
0,127257,5,1,255,39
0,95051,6,1,80,39
0,95103,7,1,15,39
0,95057,8,1,86,39
0,95053,9,1,80,39
0,95025,10,1,75,39
0,95041,11,2,202,39
1,95047,11,2,202,39
0,95037,12,1,174,39
0,95045,13,1,94,39
0,95038,14,1,95,39
0,95020,15,2,220,39
1,95052,15,2,220,39
0,95059,16,1,110,39
0,95032,17,1,167,39
0,95031,18,1,153,39
0,95054,19,1,72,39
0,95058,20,1,99,39
0,95056,21,1,84,39
0,134849,22,1,79,39
0,95034,23,1,141,39
0,95043,24,1,100,39
0,95023,25,1,160,39
0,95021,26,1,167,39
0,95055,27,1,88,39
0,95027,28,1,80,39
0,95019,29,1,12,39
0,95039,30,1,96,39
0,95046,31,1,86,39
0,95060,32,1,108,39
0,95026,33,1,86,39
0,95024,34,1,93,39
0,95042,35,1,89,39
0,95040,36,1,91,39
0,131819,37,1,38,39
0,95048,38,1,66,39
0,95108,39,1,56,39
0,95044,40,1,79,39
0,95049,41,1,14,39
0,135698,42,1,128,39
0,95024,1,2,233,40
1,95030,1,2,233,40
0,95022,2,1,157,40
0,125354,3,1,77,40
0,95035,4,1,184,40
0,127257,5,1,255,40
0,95051,6,1,80,40
0,95103,7,1,15,40
0,95057,8,1,86,40
0,95053,9,1,80,40
0,95025,10,1,75,40
0,95047,11,1,111,40
0,95037,12,1,174,40
0,95045,13,1,94,40
0,95038,14,1,95,40
0,95020,15,1,128,40
0,95059,16,1,110,40
0,95032,17,1,167,40
0,95031,18,1,153,40
0,95033,19,1,135,40
0,95054,20,1,72,40
0,95058,21,1,99,40
0,95056,22,1,84,40
0,134849,23,1,79,40
0,95034,24,1,141,40
0,95041,25,1,92,40
0,95043,26,1,100,40
0,95023,27,1,160,40
0,95052,28,1,93,40
0,95021,29,1,167,40
0,95055,30,1,88,40
0,95027,31,1,80,40
0,95019,32,1,12,40
0,95039,33,1,96,40
0,95046,34,1,86,40
0,95060,35,1,108,40
0,95026,36,1,86,40
0,95042,37,1,89,40
0,95040,38,1,91,40
0,131819,39,1,38,40
0,95048,40,1,66,40
0,95108,41,1,56,40
0,95044,42,1,79,40
0,95049,43,1,14,40
0,135698,44,1,128,40
0,95033,1,2,275,41
1,95030,1,2,275,41
0,95022,2,1,157,41
0,125354,3,1,77,41
0,95035,4,1,184,41
0,127257,5,1,255,41
0,95051,6,1,80,41
0,95103,7,1,15,41
0,95057,8,1,86,41
0,95053,9,1,80,41
0,95025,10,1,75,41
0,95047,11,1,111,41
0,95037,12,1,174,41
0,95045,13,1,94,41
0,95038,14,2,247,41
1,95031,14,2,247,41
0,95048,15,2,192,41
1,95020,15,2,192,41
0,95059,16,1,110,41
0,95032,17,1,167,41
0,95054,18,1,72,41
0,95058,19,1,99,41
0,95056,20,1,84,41
0,134849,21,1,79,41
0,95034,22,1,141,41
0,95041,23,1,92,41
0,95043,24,1,100,41
0,95023,25,1,160,41
0,95052,26,1,93,41
0,95021,27,1,167,41
0,95055,28,1,88,41
0,95027,29,1,80,41
0,95019,30,1,12,41
0,95039,31,1,96,41
0,95046,32,1,86,41
0,95060,33,1,108,41
0,95026,34,1,86,41
0,95024,35,1,93,41
0,95042,36,1,89,41
0,95040,37,1,91,41
0,131819,38,1,38,41
0,95108,39,1,56,41
0,95044,40,1,79,41
0,95049,41,1,14,41
0,135698,42,1,128,41
0,95030,1,1,141,42
0,95022,2,1,157,42
0,125354,3,1,77,42
0,95035,4,1,184,42
0,127257,5,1,255,42
0,95051,6,1,80,42
0,95103,7,1,15,42
0,95057,8,1,86,42
0,95053,9,1,80,42
0,95025,10,1,75,42
0,95047,11,1,111,42
0,95037,12,1,174,42
0,95045,13,1,94,42
0,95038,14,1,95,42
0,95020,15,1,128,42
0,95059,16,1,110,42
0,95032,17,1,167,42
0,95060,18,2,260,42
1,95031,18,2,260,42
0,95024,19,2,226,42
1,95033,19,2,226,42
0,95054,20,1,72,42
0,95058,21,1,99,42
0,95056,22,1,84,42
0,134849,23,1,79,42
0,95034,24,1,141,42
0,95041,25,1,92,42
0,95043,26,1,100,42
0,95023,27,1,160,42
0,95052,28,1,93,42
0,95021,29,1,167,42
0,95055,30,1,88,42
0,95027,31,1,80,42
0,95019,32,1,12,42
0,95039,33,1,96,42
0,95046,34,1,86,42
0,95026,35,1,86,42
0,95042,36,1,89,42
0,95040,37,1,91,42
0,131819,38,1,38,42
0,95048,39,1,66,42
0,95108,40,1,56,42
0,95044,41,1,79,42
0,95049,42,1,14,42
0,135698,43,1,128,42
0,95030,1,1,141,43
0,95022,2,1,157,43
0,125354,3,1,77,43
0,95035,4,1,184,43
0,127257,5,1,255,43
0,95051,6,1,80,43
0,95103,7,1,15,43
0,95057,8,1,86,43
0,95053,9,1,80,43
0,95025,10,1,75,43
0,95047,11,1,111,43
0,95108,12,2,229,43
1,95037,12,2,229,43
0,95045,13,1,94,43
0,95038,14,1,95,43
0,95048,15,3,299,43
1,95020,15,3,299,43
2,95060,15,3,299,43
0,95059,16,1,110,43
0,95032,17,1,167,43
0,95031,18,1,153,43
0,95033,19,1,135,43
0,95054,20,1,72,43
0,95058,21,1,99,43
0,95056,22,1,84,43
0,134849,23,1,79,43
0,95034,24,1,141,43
0,95041,25,1,92,43
0,95043,26,1,100,43
0,95023,27,1,160,43
0,95052,28,1,93,43
0,95021,29,1,167,43
0,95055,30,1,88,43
0,95027,31,1,80,43
0,95019,32,1,12,43
0,95039,33,1,96,43
0,95046,34,1,86,43
0,95026,35,1,86,43
0,95024,36,1,93,43
0,95042,37,1,89,43
0,95040,38,1,91,43
0,131819,39,1,38,43
0,95044,40,1,79,43
0,95049,41,1,14,43
0,135698,42,1,128,43
0,95030,1,1,141,44
0,95022,2,1,157,44
0,125354,3,2,169,44
1,95052,3,2,169,44
0,95035,4,1,184,44
0,127257,5,2,266,44
1,95019,5,2,266,44
0,95051,6,1,80,44
0,95103,7,1,15,44
0,95057,8,1,86,44
0,95053,9,1,80,44
0,95025,10,1,75,44
0,95047,11,1,111,44
0,95037,12,1,174,44
0,95045,13,1,94,44
0,95038,14,1,95,44
0,95020,15,1,128,44
0,95059,16,1,110,44
0,95032,17,1,167,44
0,95031,18,1,153,44
0,95033,19,1,135,44
0,95054,20,1,72,44
0,95058,21,1,99,44
0,95056,22,1,84,44
0,134849,23,1,79,44
0,95034,24,1,141,44
0,95041,25,1,92,44
0,95043,26,1,100,44
0,95023,27,1,160,44
0,95021,28,1,167,44
0,95055,29,1,88,44
0,95027,30,1,80,44
0,95039,31,1,96,44
0,95046,32,1,86,44
0,95060,33,1,108,44
0,95026,34,1,86,44
0,95024,35,1,93,44
0,95042,36,1,89,44
0,95040,37,1,91,44
0,131819,38,1,38,44
0,95048,39,1,66,44
0,95108,40,1,56,44
0,95044,41,1,79,44
0,95049,42,1,14,44
0,135698,43,1,128,44
0,95030,1,1,141,45
0,95022,2,1,157,45
0,95048,3,3,265,45
1,125354,3,3,265,45
2,95020,3,3,265,45
0,95035,4,1,184,45
0,127257,5,2,326,45
1,95054,5,2,326,45
0,95051,6,1,80,45
0,95103,7,1,15,45
0,95057,8,1,86,45
0,95053,9,1,80,45
0,95025,10,1,75,45
0,95047,11,1,111,45
0,95037,12,1,174,45
0,95045,13,1,94,45
0,95038,14,1,95,45
0,95059,15,1,110,45
0,95032,16,1,167,45
0,95031,17,1,153,45
0,95033,18,1,135,45
0,95058,19,1,99,45
0,95056,20,1,84,45
0,134849,21,1,79,45
0,95034,22,1,141,45
0,95041,23,1,92,45
0,95043,24,1,100,45
0,95023,25,1,160,45
0,95052,26,1,93,45
0,95021,27,1,167,45
0,95055,28,1,88,45
0,95027,29,1,80,45
0,95019,30,1,12,45
0,95039,31,1,96,45
0,95046,32,1,86,45
0,95060,33,1,108,45
0,95026,34,1,86,45
0,95024,35,1,93,45
0,95042,36,1,89,45
0,95040,37,1,91,45
0,131819,38,1,38,45
0,95108,39,1,56,45
0,95044,40,1,79,45
0,95049,41,1,14,45
0,135698,42,1,128,45
0,95030,1,1,141,46
0,95022,2,1,157,46
0,125354,3,1,77,46
0,95035,4,1,184,46
0,127257,5,1,255,46
0,95051,6,1,80,46
0,95103,7,1,15,46
0,95057,8,1,86,46
0,95053,9,1,80,46
0,95025,10,1,75,46
0,95047,11,1,111,46
0,95037,12,1,174,46
0,95045,13,1,94,46
0,95038,14,1,95,46
0,95020,15,1,128,46
0,95059,16,1,110,46
0,95032,17,1,167,46
0,95031,18,1,153,46
0,95033,19,1,135,46
0,95054,20,1,72,46
0,95058,21,1,99,46
0,95056,22,1,84,46
0,134849,23,1,79,46
0,95034,24,1,141,46
0,95041,25,1,92,46
0,95043,26,1,100,46
0,95023,27,1,160,46
0,95052,28,1,93,46
0,95021,29,1,167,46
0,95055,30,1,88,46
0,95027,31,1,80,46
0,95019,32,1,12,46
0,95039,33,1,96,46
0,95046,34,1,86,46
0,95060,35,1,108,46
0,95026,36,1,86,46
0,95024,37,1,93,46
0,95042,38,1,89,46
0,95040,39,1,91,46
0,131819,40,1,38,46
0,95048,41,1,66,46
0,95108,42,1,56,46
0,95044,43,1,79,46
0,95049,44,1,14,46
0,135698,45,1,128,46
0,95030,1,1,141,47
0,95022,2,1,157,47
0,95048,3,2,139,47
1,125354,3,2,139,47
0,95035,4,1,184,47
0,127257,5,2,266,47
1,95019,5,2,266,47
0,95051,6,1,80,47
0,95103,7,1,15,47
0,95057,8,1,86,47
0,95053,9,1,80,47
0,95025,10,1,75,47
0,95047,11,1,111,47
0,95037,12,1,174,47
0,95045,13,1,94,47
0,95038,14,1,95,47
0,95020,15,1,128,47
0,95059,16,1,110,47
0,95032,17,1,167,47
0,95031,18,1,153,47
0,95033,19,1,135,47
0,95054,20,1,72,47
0,95058,21,1,99,47
0,95056,22,1,84,47
0,134849,23,1,79,47
0,95034,24,1,141,47
0,95041,25,1,92,47
0,95043,26,1,100,47
0,95023,27,1,160,47
0,95052,28,1,93,47
0,95021,29,1,167,47
0,95055,30,1,88,47
0,95027,31,1,80,47
0,95039,32,1,96,47
0,95046,33,1,86,47
0,95060,34,1,108,47
0,95026,35,1,86,47
0,95024,36,1,93,47
0,95042,37,1,89,47
0,95040,38,1,91,47
0,131819,39,1,38,47
0,135698,40,2,183,47
1,95108,40,2,183,47
0,95044,41,1,79,47
0,95049,42,1,14,47
0,95030,1,1,141,48
0,95022,2,1,157,48
0,127257,3,2,331,48
1,125354,3,2,331,48
0,95035,4,1,184,48
0,95051,5,1,80,48
0,95103,6,1,15,48
0,95057,7,1,86,48
0,95053,8,1,80,48
0,95025,9,1,75,48
0,95047,10,1,111,48
0,95037,11,1,174,48
0,95045,12,1,94,48
0,95038,13,1,95,48
0,95020,14,1,128,48
0,95059,15,1,110,48
0,95032,16,1,167,48
0,95031,17,1,153,48
0,95033,18,1,135,48
0,95054,19,1,72,48
0,95058,20,1,99,48
0,95056,21,1,84,48
0,134849,22,1,79,48
0,95034,23,1,141,48
0,95041,24,1,92,48
0,95043,25,1,100,48
0,95039,26,2,255,48
1,95023,26,2,255,48
0,95052,27,1,93,48
0,95021,28,1,167,48
0,95055,29,1,88,48
0,95027,30,1,80,48
0,95019,31,1,12,48
0,95046,32,1,86,48
0,95060,33,1,108,48
0,95026,34,1,86,48
0,95024,35,1,93,48
0,95042,36,1,89,48
0,95040,37,1,91,48
0,131819,38,1,38,48
0,95048,39,1,66,48
0,95108,40,1,56,48
0,95044,41,1,79,48
0,95049,42,1,14,48
0,135698,43,1,128,48
0,95030,1,1,141,49
0,95022,2,1,157,49
0,125354,3,1,77,49
0,95035,4,1,184,49
0,127257,5,1,255,49
0,95051,6,1,80,49
0,95103,7,1,15,49
0,95057,8,1,86,49
0,95053,9,1,80,49
0,95025,10,1,75,49
0,95047,11,1,111,49
0,95037,12,1,174,49
0,95045,13,1,94,49
0,95038,14,1,95,49
0,95020,15,1,128,49
0,95059,16,1,110,49
0,95032,17,1,167,49
0,95031,18,1,153,49
0,95033,19,1,135,49
0,95054,20,1,72,49
0,95058,21,1,99,49
0,95056,22,1,84,49
0,134849,23,1,79,49
0,95034,24,1,141,49
0,95041,25,1,92,49
0,95043,26,1,100,49
0,95023,27,1,160,49
0,95052,28,1,93,49
0,95021,29,1,167,49
0,95055,30,1,88,49
0,95027,31,1,80,49
0,95019,32,1,12,49
0,95039,33,1,96,49
0,95046,34,1,86,49
0,95060,35,1,108,49
0,95026,36,1,86,49
0,95024,37,1,93,49
0,95042,38,1,89,49
0,95040,39,1,91,49
0,131819,40,1,38,49
0,95048,41,1,66,49
0,95108,42,2,134,49
1,95044,42,2,134,49
0,95049,43,1,14,49
0,135698,44,1,128,49
0,95030,1,1,141,50
0,95022,2,1,157,50
0,125354,3,1,77,50
0,95035,4,1,184,50
0,127257,5,1,255,50
0,95051,6,1,80,50
0,95103,7,1,15,50
0,95057,8,1,86,50
0,95053,9,1,80,50
0,95025,10,1,75,50
0,95047,11,1,111,50
0,95037,12,1,174,50
0,95045,13,1,94,50
0,95038,14,1,95,50
0,95020,15,1,128,50
0,95059,16,1,110,50
0,95032,17,1,167,50
0,95060,18,2,260,50
1,95031,18,2,260,50
0,95033,19,1,135,50
0,95054,20,1,72,50
0,95058,21,1,99,50
0,95056,22,1,84,50
0,134849,23,1,79,50
0,95034,24,1,141,50
0,95041,25,1,92,50
0,95043,26,1,100,50
0,95023,27,1,160,50
0,95052,28,1,93,50
0,95021,29,1,167,50
0,95055,30,1,88,50
0,95027,31,1,80,50
0,95019,32,1,12,50
0,95039,33,1,96,50
0,95046,34,1,86,50
0,95026,35,1,86,50
0,95024,36,1,93,50
0,95042,37,1,89,50
0,95040,38,1,91,50
0,131819,39,1,38,50
0,95048,40,1,66,50
0,95108,41,1,56,50
0,95044,42,1,79,50
0,95049,43,1,14,50
0,135698,44,1,128,50
0,127257,1,2,395,51
1,95030,1,2,395,51
0,95022,2,1,157,51
0,95108,3,3,257,51
1,125354,3,3,257,51
2,95020,3,3,257,51
0,95035,4,1,184,51
0,95051,5,1,80,51
0,95103,6,1,15,51
0,95057,7,1,86,51
0,95053,8,1,80,51
0,95025,9,1,75,51
0,95047,10,1,111,51
0,95037,11,1,174,51
0,95045,12,1,94,51
0,95040,13,2,184,51
1,95038,13,2,184,51
0,95059,14,1,110,51
0,95032,15,1,167,51
0,95031,16,1,153,51
0,95033,17,1,135,51
0,95054,18,1,72,51
0,95058,19,1,99,51
0,95056,20,1,84,51
0,134849,21,1,79,51
0,95034,22,1,141,51
0,95041,23,1,92,51
0,95043,24,1,100,51
0,95023,25,1,160,51
0,95052,26,1,93,51
0,95021,27,1,167,51
0,95055,28,1,88,51
0,95027,29,1,80,51
0,95019,30,1,12,51
0,95039,31,1,96,51
0,95046,32,1,86,51
0,95060,33,1,108,51
0,95026,34,1,86,51
0,95024,35,1,93,51
0,95042,36,1,89,51
0,131819,37,1,38,51
0,95048,38,1,66,51
0,95044,39,1,79,51
0,95049,40,1,14,51
0,135698,41,1,128,51
0,95030,1,1,141,52
0,95022,2,1,157,52
0,125354,3,1,77,52
0,95035,4,1,184,52
0,127257,5,2,309,52
1,95108,5,2,309,52
0,95051,6,1,80,52
0,95103,7,1,15,52
0,95057,8,1,86,52
0,95053,9,1,80,52
0,95025,10,1,75,52
0,95047,11,1,111,52
0,95020,12,2,301,52
1,95037,12,2,301,52
0,95045,13,1,94,52
0,95038,14,1,95,52
0,95059,15,2,217,52
1,95060,15,2,217,52
0,95032,16,1,167,52
0,95031,17,1,153,52
0,95033,18,1,135,52
0,95054,19,1,72,52
0,95058,20,1,99,52
0,95056,21,1,84,52
0,134849,22,1,79,52
0,95034,23,1,141,52
0,95041,24,1,92,52
0,95043,25,1,100,52
0,95023,26,1,160,52
0,95052,27,1,93,52
0,95021,28,1,167,52
0,95055,29,1,88,52
0,95027,30,1,80,52
0,95019,31,1,12,52
0,95039,32,1,96,52
0,95046,33,1,86,52
0,95026,34,1,86,52
0,95024,35,1,93,52
0,95042,36,1,89,52
0,95040,37,1,91,52
0,131819,38,1,38,52
0,95048,39,1,66,52
0,95044,40,1,79,52
0,95049,41,1,14,52
0,135698,42,1,128,52
0,95030,1,1,141,53
0,95022,2,1,157,53
0,125354,3,1,77,53
0,95035,4,1,184,53
0,127257,5,1,255,53
0,95051,6,1,80,53
0,95103,7,1,15,53
0,95057,8,1,86,53
0,95053,9,1,80,53
0,95025,10,1,75,53
0,95031,11,2,263,53
1,95047,11,2,263,53
0,95037,12,1,174,53
0,95045,13,1,94,53
0,95038,14,1,95,53
0,95020,15,1,128,53
0,95059,16,1,110,53
0,95032,17,3,329,53
1,95108,17,3,329,53
2,95060,17,3,329,53
0,95033,18,1,135,53
0,95054,19,1,72,53
0,95058,20,1,99,53
0,95056,21,1,84,53
0,134849,22,1,79,53
0,95034,23,1,141,53
0,95041,24,1,92,53
0,95043,25,1,100,53
0,95023,26,1,160,53
0,95052,27,1,93,53
0,95021,28,1,167,53
0,95055,29,1,88,53
0,95027,30,1,80,53
0,95019,31,1,12,53
0,95039,32,1,96,53
0,95046,33,1,86,53
0,95026,34,1,86,53
0,95024,35,1,93,53
0,95042,36,1,89,53
0,95040,37,1,91,53
0,131819,38,1,38,53
0,95048,39,1,66,53
0,95044,40,1,79,53
0,95049,41,1,14,53
0,135698,42,1,128,53
0,95030,1,1,141,54
0,95035,2,2,340,54
1,95022,2,2,340,54
0,125354,3,1,77,54
0,127257,4,1,255,54
0,95051,5,1,80,54
0,95103,6,1,15,54
0,95057,7,1,86,54
0,95053,8,1,80,54
0,95025,9,1,75,54
0,95031,10,2,263,54
1,95047,10,2,263,54
0,95037,11,1,174,54
0,95045,12,1,94,54
0,95038,13,1,95,54
0,95020,14,1,128,54
0,95059,15,1,110,54
0,95032,16,1,167,54
0,95033,17,1,135,54
0,95054,18,1,72,54
0,95058,19,1,99,54
0,95056,20,1,84,54
0,134849,21,1,79,54
0,95034,22,1,141,54
0,95041,23,1,92,54
0,95043,24,1,100,54
0,95023,25,1,160,54
0,95052,26,1,93,54
0,95021,27,1,167,54
0,95055,28,1,88,54
0,95027,29,1,80,54
0,95019,30,1,12,54
0,95039,31,1,96,54
0,95046,32,1,86,54
0,95060,33,1,108,54
0,95026,34,1,86,54
0,95024,35,1,93,54
0,95042,36,1,89,54
0,95040,37,1,91,54
0,131819,38,1,38,54
0,95048,39,1,66,54
0,95108,40,1,56,54
0,95044,41,1,79,54
0,95049,42,1,14,54
0,135698,43,1,128,54
0,95030,1,1,141,55
0,95022,2,1,157,55
0,125354,3,1,77,55
0,95035,4,1,184,55
0,127257,5,1,255,55
0,95051,6,1,80,55
0,95103,7,1,15,55
0,95057,8,1,86,55
0,95053,9,1,80,55
0,95025,10,1,75,55
0,95047,11,1,111,55
0,95037,12,1,174,55
0,95045,13,1,94,55
0,95038,14,1,95,55
0,95020,15,2,235,55
1,95060,15,2,235,55
0,95059,16,1,110,55
0,95032,17,1,167,55
0,95031,18,1,153,55
0,95033,19,1,135,55
0,95054,20,1,72,55
0,95058,21,1,99,55
0,95056,22,1,84,55
0,134849,23,1,79,55
0,95034,24,1,141,55
0,95041,25,1,92,55
0,95043,26,1,100,55
0,95023,27,1,160,55
0,95052,28,1,93,55
0,95021,29,1,167,55
0,135698,30,3,270,55
1,95108,30,3,270,55
2,95055,30,3,270,55
0,95027,31,1,80,55
0,95019,32,1,12,55
0,95039,33,1,96,55
0,95046,34,1,86,55
0,95026,35,1,86,55
0,95024,36,1,93,55
0,95042,37,1,89,55
0,95040,38,1,91,55
0,131819,39,1,38,55
0,95048,40,1,66,55
0,95044,41,1,79,55
0,95049,42,1,14,55
0,127257,1,2,395,56
1,95030,1,2,395,56
0,95022,2,1,157,56
0,125354,3,1,77,56
0,95035,4,1,184,56
0,95051,5,1,80,56
0,95103,6,1,15,56
0,95057,7,1,86,56
0,95053,8,1,80,56
0,95025,9,1,75,56
0,95047,10,1,111,56
0,95037,11,1,174,56
0,95045,12,1,94,56
0,95038,13,1,95,56
0,95020,14,1,128,56
0,95059,15,1,110,56
0,95032,16,1,167,56
0,95060,17,2,260,56
1,95031,17,2,260,56
0,95033,18,1,135,56
0,95054,19,1,72,56
0,95058,20,1,99,56
0,95056,21,1,84,56
0,134849,22,1,79,56
0,95034,23,1,141,56
0,95041,24,1,92,56
0,95043,25,1,100,56
0,95023,26,1,160,56
0,95052,27,1,93,56
0,95108,28,2,222,56
1,95021,28,2,222,56
0,95055,29,1,88,56
0,95027,30,1,80,56
0,95019,31,1,12,56
0,95039,32,1,96,56
0,95046,33,1,86,56
0,95026,34,1,86,56
0,95024,35,1,93,56
0,95042,36,1,89,56
0,95040,37,1,91,56
0,131819,38,1,38,56
0,95048,39,1,66,56
0,95044,40,1,79,56
0,95049,41,1,14,56
0,135698,42,1,128,56
0,127257,1,3,405,57
1,95019,1,3,405,57
2,95030,1,3,405,57
0,95022,2,1,157,57
0,125354,3,1,77,57
0,95035,4,1,184,57
0,95051,5,1,80,57
0,95103,6,1,15,57
0,95057,7,1,86,57
0,95053,8,1,80,57
0,95025,9,1,75,57
0,95047,10,1,111,57
0,95037,11,1,174,57
0,95045,12,1,94,57
0,95038,13,1,95,57
0,95020,14,1,128,57
0,95059,15,1,110,57
0,95032,16,1,167,57
0,95031,17,1,153,57
0,95033,18,1,135,57
0,95054,19,1,72,57
0,95058,20,1,99,57
0,95056,21,1,84,57
0,134849,22,1,79,57
0,95034,23,1,141,57
0,95041,24,1,92,57
0,95043,25,1,100,57
0,95039,26,2,255,57
1,95023,26,2,255,57
0,95052,27,1,93,57
0,95021,28,1,167,57
0,95055,29,1,88,57
0,95027,30,1,80,57
0,95046,31,1,86,57
0,95060,32,1,108,57
0,95026,33,1,86,57
0,95024,34,1,93,57
0,95042,35,1,89,57
0,95040,36,1,91,57
0,131819,37,1,38,57
0,95048,38,1,66,57
0,95108,39,1,56,57
0,95044,40,1,79,57
0,95049,41,1,14,57
0,135698,42,1,128,57
0,95030,1,1,141,58
0,95022,2,1,157,58
0,125354,3,1,77,58
0,95035,4,1,184,58
0,127257,5,1,255,58
0,95051,6,1,80,58
0,95103,7,1,15,58
0,95057,8,1,86,58
0,95053,9,1,80,58
0,95025,10,1,75,58
0,95047,11,1,111,58
0,95037,12,1,174,58
0,95045,13,1,94,58
0,95038,14,1,95,58
0,95020,15,1,128,58
0,95059,16,1,110,58
0,95032,17,1,167,58
0,95031,18,1,153,58
0,95033,19,1,135,58
0,95054,20,1,72,58
0,95058,21,1,99,58
0,95056,22,1,84,58
0,134849,23,1,79,58
0,95034,24,2,196,58
1,95108,24,2,196,58
0,95041,25,1,92,58
0,95043,26,1,100,58
0,95023,27,1,160,58
0,95052,28,1,93,58
0,95021,29,1,167,58
0,95055,30,1,88,58
0,95027,31,1,80,58
0,95019,32,1,12,58
0,95039,33,1,96,58
0,95046,34,1,86,58
0,95060,35,1,108,58
0,95026,36,1,86,58
0,95024,37,1,93,58
0,95042,38,1,89,58
0,95040,39,1,91,58
0,131819,40,1,38,58
0,95048,41,1,66,58
0,95044,42,1,79,58
0,95049,43,1,14,58
0,135698,44,1,128,58
0,95030,1,1,141,59
0,95022,2,1,157,59
0,125354,3,1,77,59
0,95035,4,1,184,59
0,127257,5,1,255,59
0,95051,6,1,80,59
0,95103,7,1,15,59
0,95057,8,1,86,59
0,95053,9,1,80,59
0,95025,10,1,75,59
0,95047,11,1,111,59
0,95037,12,1,174,59
0,95045,13,1,94,59
0,95038,14,1,95,59
0,95059,15,2,237,59
1,95020,15,2,237,59
0,95032,16,1,167,59
0,95031,17,1,153,59
0,95033,18,1,135,59
0,95054,19,1,72,59
0,95058,20,1,99,59
0,95056,21,1,84,59
0,134849,22,1,79,59
0,95034,23,3,274,59
1,95108,23,3,274,59
2,95044,23,3,274,59
0,95041,24,1,92,59
0,95043,25,1,100,59
0,95023,26,1,160,59
0,95052,27,1,93,59
0,95021,28,1,167,59
0,95055,29,1,88,59
0,95027,30,1,80,59
0,95019,31,1,12,59
0,95039,32,1,96,59
0,95046,33,1,86,59
0,95060,34,1,108,59
0,95026,35,1,86,59
0,95024,36,1,93,59
0,95042,37,1,89,59
0,95040,38,1,91,59
0,131819,39,1,38,59
0,95048,40,1,66,59
0,95049,41,1,14,59
0,135698,42,1,128,59
0,95030,1,1,141,60
0,95022,2,1,157,60
0,125354,3,1,77,60
0,95035,4,1,184,60
0,127257,5,1,255,60
0,95051,6,1,80,60
0,95103,7,1,15,60
0,95057,8,1,86,60
0,95053,9,1,80,60
0,95025,10,1,75,60
0,95047,11,1,111,60
0,95037,12,1,174,60
0,95045,13,1,94,60
0,95038,14,1,95,60
0,95020,15,1,128,60
0,95059,16,1,110,60
0,95032,17,2,222,60
1,95108,17,2,222,60
0,95031,18,1,153,60
0,95033,19,1,135,60
0,95054,20,1,72,60
0,95058,21,1,99,60
0,95056,22,1,84,60
0,134849,23,1,79,60
0,95034,24,1,141,60
0,95041,25,1,92,60
0,95043,26,1,100,60
0,95023,27,1,160,60
0,95052,28,1,93,60
0,95021,29,1,167,60
0,95055,30,1,88,60
0,95027,31,1,80,60
0,95019,32,1,12,60
0,95039,33,1,96,60
0,95046,34,1,86,60
0,95060,35,1,108,60
0,95026,36,1,86,60
0,95024,37,1,93,60
0,95042,38,1,89,60
0,95040,39,1,91,60
0,131819,40,1,38,60
0,95048,41,1,66,60
0,95044,42,1,79,60
0,95049,43,1,14,60
0,135698,44,1,128,60
0,95030,1,1,141,61
0,95022,2,1,157,61
0,125354,3,1,77,61
0,95035,4,1,184,61
0,127257,5,3,414,61
1,95042,5,3,414,61
2,95054,5,3,414,61
0,95051,6,1,80,61
0,95103,7,1,15,61
0,95057,8,1,86,61
0,95053,9,1,80,61
0,95025,10,1,75,61
0,95047,11,1,111,61
0,95037,12,1,174,61
0,95045,13,1,94,61
0,95038,14,1,95,61
0,95048,15,2,192,61
1,95020,15,2,192,61
0,95059,16,2,165,61
1,95108,16,2,165,61
0,95032,17,1,167,61
0,95031,18,1,153,61
0,95033,19,1,135,61
0,95058,20,1,99,61
0,95056,21,1,84,61
0,134849,22,1,79,61
0,95034,23,1,141,61
0,95041,24,1,92,61
0,95043,25,1,100,61
0,95023,26,1,160,61
0,95052,27,1,93,61
0,95021,28,1,167,61
0,95055,29,1,88,61
0,95027,30,1,80,61
0,95019,31,1,12,61
0,95039,32,1,96,61
0,95024,33,2,178,61
1,95046,33,2,178,61
0,95060,34,1,108,61
0,95026,35,1,86,61
0,95040,36,1,91,61
0,131819,37,1,38,61
0,95044,38,1,79,61
0,95049,39,1,14,61
0,135698,40,1,128,61
0,95030,1,1,141,62
0,95022,2,1,157,62
0,125354,3,1,77,62
0,95035,4,1,184,62
0,127257,5,1,255,62
0,95051,6,1,80,62
0,95103,7,1,15,62
0,95057,8,1,86,62
0,95053,9,1,80,62
0,95025,10,1,75,62
0,95047,11,1,111,62
0,95037,12,1,174,62
0,95045,13,1,94,62
0,95038,14,1,95,62
0,95108,15,2,182,62
1,95020,15,2,182,62
0,95059,16,1,110,62
0,95032,17,1,167,62
0,95031,18,1,153,62
0,95024,19,2,226,62
1,95033,19,2,226,62
0,95054,20,1,72,62
0,95058,21,1,99,62
0,95056,22,1,84,62
0,134849,23,1,79,62
0,95034,24,1,141,62
0,95041,25,1,92,62
0,95043,26,1,100,62
0,95023,27,1,160,62
0,95052,28,1,93,62
0,95021,29,1,167,62
0,95055,30,1,88,62
0,95027,31,1,80,62
0,95019,32,1,12,62
0,95039,33,1,96,62
0,95046,34,1,86,62
0,95060,35,1,108,62
0,95026,36,1,86,62
0,95042,37,1,89,62
0,95040,38,1,91,62
0,131819,39,1,38,62
0,95048,40,1,66,62
0,95044,41,1,79,62
0,95049,42,1,14,62
0,135698,43,1,128,62
0,95030,1,1,141,63
0,95022,2,1,157,63
0,95048,3,3,393,63
1,127257,3,3,393,63
2,125354,3,3,393,63
0,95035,4,1,184,63
0,95051,5,1,80,63
0,95103,6,1,15,63
0,95057,7,1,86,63
0,95053,8,1,80,63
0,95025,9,1,75,63
0,95047,10,1,111,63
0,95037,11,1,174,63
0,95045,12,1,94,63
0,95038,13,1,95,63
0,95020,14,1,128,63
0,95059,15,1,110,63
0,95032,16,1,167,63
0,95031,17,1,153,63
0,95033,18,1,135,63
0,95054,19,1,72,63
0,95058,20,1,99,63
0,95056,21,1,84,63
0,134849,22,1,79,63
0,95034,23,1,141,63
0,95041,24,1,92,63
0,95043,25,1,100,63
0,95023,26,1,160,63
0,95052,27,1,93,63
0,95021,28,1,167,63
0,95055,29,1,88,63
0,95027,30,1,80,63
0,95019,31,1,12,63
0,95039,32,1,96,63
0,95024,33,2,178,63
1,95046,33,2,178,63
0,95060,34,1,108,63
0,95026,35,1,86,63
0,95042,36,1,89,63
0,95040,37,1,91,63
0,131819,38,1,38,63
0,95108,39,1,56,63
0,95044,40,1,79,63
0,95049,41,1,14,63
0,135698,42,1,128,63
0,95030,1,1,141,64
0,95022,2,1,157,64
0,125354,3,1,77,64
0,95035,4,1,184,64
0,127257,5,1,255,64
0,95051,6,1,80,64
0,95103,7,1,15,64
0,95057,8,1,86,64
0,95053,9,1,80,64
0,95025,10,1,75,64
0,95047,11,1,111,64
0,95037,12,1,174,64
0,95045,13,1,94,64
0,95038,14,1,95,64
0,95048,15,2,192,64
1,95020,15,2,192,64
0,95059,16,1,110,64
0,95032,17,1,167,64
0,95031,18,1,153,64
0,95033,19,1,135,64
0,95054,20,1,72,64
0,95058,21,1,99,64
0,95056,22,1,84,64
0,134849,23,1,79,64
0,95034,24,1,141,64
0,95041,25,1,92,64
0,95043,26,1,100,64
0,95023,27,1,160,64
0,95052,28,1,93,64
0,95021,29,1,167,64
0,95055,30,1,88,64
0,95027,31,1,80,64
0,95019,32,1,12,64
0,95039,33,1,96,64
0,95046,34,1,86,64
0,95060,35,1,108,64
0,95026,36,1,86,64
0,95024,37,1,93,64
0,95042,38,1,89,64
0,95040,39,1,91,64
0,131819,40,1,38,64
0,95108,41,1,56,64
0,95044,42,1,79,64
0,95049,43,1,14,64
0,135698,44,1,128,64
0,95030,1,1,141,65
0,95022,2,1,157,65
0,125354,3,1,77,65
0,95035,4,1,184,65
0,127257,5,1,255,65
0,95051,6,1,80,65
0,95103,7,1,15,65
0,95057,8,1,86,65
0,95053,9,1,80,65
0,95025,10,1,75,65
0,95047,11,1,111,65
0,95037,12,1,174,65
0,95045,13,1,94,65
0,95038,14,1,95,65
0,95048,15,2,192,65
1,95020,15,2,192,65
0,95059,16,1,110,65
0,95032,17,1,167,65
0,95031,18,1,153,65
0,95033,19,1,135,65
0,95054,20,1,72,65
0,95058,21,1,99,65
0,95056,22,1,84,65
0,134849,23,1,79,65
0,95034,24,2,196,65
1,95108,24,2,196,65
0,95041,25,1,92,65
0,95043,26,1,100,65
0,95023,27,1,160,65
0,95052,28,1,93,65
0,95021,29,1,167,65
0,95055,30,1,88,65
0,95027,31,1,80,65
0,95019,32,1,12,65
0,95039,33,1,96,65
0,95046,34,1,86,65
0,95060,35,1,108,65
0,95026,36,1,86,65
0,95024,37,1,93,65
0,95042,38,1,89,65
0,95040,39,1,91,65
0,131819,40,1,38,65
0,95044,41,1,79,65
0,95049,42,1,14,65
0,135698,43,1,128,65
0,95030,1,1,141,66
0,95022,2,1,157,66
0,95048,3,3,265,66
1,125354,3,3,265,66
2,95020,3,3,265,66
0,95035,4,1,184,66
0,127257,5,1,255,66
0,95051,6,1,80,66
0,95103,7,1,15,66
0,95057,8,1,86,66
0,95053,9,1,80,66
0,95025,10,1,75,66
0,95047,11,1,111,66
0,95037,12,1,174,66
0,95045,13,1,94,66
0,95038,14,1,95,66
0,95059,15,1,110,66
0,95032,16,1,167,66
0,95031,17,1,153,66
0,95033,18,1,135,66
0,95054,19,1,72,66
0,95058,20,1,99,66
0,95056,21,1,84,66
0,134849,22,1,79,66
0,95034,23,1,141,66
0,95041,24,1,92,66
0,95043,25,1,100,66
0,95023,26,1,160,66
0,95052,27,1,93,66
0,95021,28,1,167,66
0,95055,29,1,88,66
0,95027,30,1,80,66
0,95019,31,1,12,66
0,95039,32,1,96,66
0,95046,33,1,86,66
0,95060,34,1,108,66
0,95026,35,1,86,66
0,95024,36,1,93,66
0,95042,37,1,89,66
0,95040,38,1,91,66
0,131819,39,1,38,66
0,95108,40,1,56,66
0,95044,41,1,79,66
0,95049,42,1,14,66
0,135698,43,1,128,66
0,95030,1,1,141,67
0,95022,2,1,157,67
0,125354,3,1,77,67
0,95035,4,1,184,67
0,127257,5,1,255,67
0,95051,6,1,80,67
0,95103,7,1,15,67
0,95057,8,1,86,67
0,95053,9,1,80,67
0,95025,10,1,75,67
0,95047,11,1,111,67
0,95037,12,1,174,67
0,95045,13,1,94,67
0,95038,14,1,95,67
0,95020,15,1,128,67
0,95059,16,1,110,67
0,95032,17,1,167,67
0,95031,18,1,153,67
0,95033,19,1,135,67
0,95054,20,1,72,67
0,95058,21,1,99,67
0,95056,22,1,84,67
0,134849,23,1,79,67
0,95034,24,1,141,67
0,95041,25,1,92,67
0,95043,26,1,100,67
0,95023,27,1,160,67
0,95052,28,1,93,67
0,95021,29,1,167,67
0,95055,30,1,88,67
0,95027,31,1,80,67
0,95019,32,1,12,67
0,95039,33,1,96,67
0,95046,34,1,86,67
0,95060,35,1,108,67
0,95026,36,1,86,67
0,95024,37,1,93,67
0,95042,38,1,89,67
0,95040,39,1,91,67
0,131819,40,1,38,67
0,95048,41,1,66,67
0,95108,42,1,56,67
0,95044,43,1,79,67
0,95049,44,1,14,67
0,135698,45,1,128,67
0,95030,1,1,141,68
0,95022,2,1,157,68
0,125354,3,1,77,68
0,95035,4,1,184,68
0,127257,5,1,255,68
0,95051,6,1,80,68
0,95103,7,1,15,68
0,95057,8,1,86,68
0,95053,9,1,80,68
0,95025,10,1,75,68
0,95047,11,1,111,68
0,95037,12,1,174,68
0,95045,13,1,94,68
0,95038,14,1,95,68
0,95020,15,1,128,68
0,95059,16,1,110,68
0,95032,17,1,167,68
0,95031,18,1,153,68
0,95033,19,1,135,68
0,95054,20,1,72,68
0,95058,21,1,99,68
0,95056,22,1,84,68
0,134849,23,1,79,68
0,95034,24,1,141,68
0,95041,25,1,92,68
0,95043,26,1,100,68
0,95023,27,1,160,68
0,95052,28,1,93,68
0,95021,29,1,167,68
0,95055,30,1,88,68
0,95027,31,1,80,68
0,95019,32,1,12,68
0,95039,33,1,96,68
0,95046,34,1,86,68
0,95060,35,1,108,68
0,95026,36,1,86,68
0,95024,37,1,93,68
0,95042,38,1,89,68
0,95040,39,1,91,68
0,131819,40,1,38,68
0,95048,41,1,66,68
0,95108,42,1,56,68
0,95044,43,1,79,68
0,95049,44,1,14,68
0,135698,45,1,128,68
0,95030,1,1,141,69
0,95022,2,1,157,69
0,125354,3,1,77,69
0,95035,4,1,184,69
0,127257,5,1,255,69
0,95051,6,1,80,69
0,95103,7,1,15,69
0,95057,8,1,86,69
0,95053,9,1,80,69
0,95025,10,1,75,69
0,95047,11,1,111,69
0,95037,12,2,326,69
1,95031,12,2,326,69
0,95045,13,1,94,69
0,95038,14,1,95,69
0,95020,15,1,128,69
0,95059,16,1,110,69
0,95032,17,1,167,69
0,95033,18,1,135,69
0,95054,19,1,72,69
0,95058,20,1,99,69
0,95056,21,1,84,69
0,134849,22,1,79,69
0,95034,23,1,141,69
0,95041,24,1,92,69
0,95043,25,1,100,69
0,95023,26,1,160,69
0,95052,27,1,93,69
0,95021,28,1,167,69
0,95055,29,1,88,69
0,95027,30,1,80,69
0,95019,31,1,12,69
0,95039,32,1,96,69
0,95046,33,1,86,69
0,95060,34,1,108,69
0,95026,35,1,86,69
0,95024,36,1,93,69
0,95042,37,1,89,69
0,95040,38,1,91,69
0,131819,39,1,38,69
0,95048,40,1,66,69
0,95108,41,1,56,69
0,95044,42,1,79,69
0,95049,43,1,14,69
0,135698,44,1,128,69
0,95030,1,1,141,70
0,95022,2,1,157,70
0,125354,3,1,77,70
0,95035,4,1,184,70
0,127257,5,1,255,70
0,95051,6,1,80,70
0,95103,7,1,15,70
0,95057,8,1,86,70
0,95053,9,1,80,70
0,95025,10,1,75,70
0,95047,11,1,111,70
0,95037,12,1,174,70
0,95045,13,1,94,70
0,95038,14,1,95,70
0,95020,15,1,128,70
0,95059,16,1,110,70
0,95032,17,1,167,70
0,95031,18,1,153,70
0,95033,19,1,135,70
0,95054,20,1,72,70
0,95058,21,1,99,70
0,95056,22,1,84,70
0,134849,23,1,79,70
0,95034,24,1,141,70
0,95041,25,1,92,70
0,95043,26,1,100,70
0,95023,27,1,160,70
0,95052,28,1,93,70
0,95021,29,1,167,70
0,95055,30,1,88,70
0,95027,31,1,80,70
0,95019,32,1,12,70
0,95039,33,1,96,70
0,95046,34,1,86,70
0,95060,35,1,108,70
0,95026,36,1,86,70
0,95024,37,1,93,70
0,95042,38,1,89,70
0,95040,39,1,91,70
0,131819,40,1,38,70
0,95048,41,1,66,70
0,95108,42,1,56,70
0,95044,43,1,79,70
0,95049,44,1,14,70
0,135698,45,1,128,70
0,95024,1,2,233,71
1,95030,1,2,233,71
0,95022,2,1,157,71
0,125354,3,1,77,71
0,95035,4,1,184,71
0,127257,5,1,255,71
0,95051,6,1,80,71
0,95103,7,1,15,71
0,95057,8,1,86,71
0,95053,9,1,80,71
0,95025,10,1,75,71
0,95047,11,1,111,71
0,95037,12,1,174,71
0,95045,13,1,94,71
0,95038,14,2,247,71
1,95031,14,2,247,71
0,95020,15,1,128,71
0,95059,16,1,110,71
0,95032,17,1,167,71
0,95033,18,1,135,71
0,95054,19,1,72,71
0,95058,20,1,99,71
0,95056,21,1,84,71
0,134849,22,1,79,71
0,95034,23,1,141,71
0,95041,24,1,92,71
0,95043,25,1,100,71
0,95023,26,1,160,71
0,95048,27,2,158,71
1,95052,27,2,158,71
0,95021,28,1,167,71
0,95108,29,2,143,71
1,95055,29,2,143,71
0,95027,30,1,80,71
0,95019,31,1,12,71
0,95039,32,1,96,71
0,95046,33,1,86,71
0,95060,34,1,108,71
0,95026,35,1,86,71
0,95042,36,1,89,71
0,95040,37,1,91,71
0,131819,38,1,38,71
0,95044,39,1,79,71
0,95049,40,1,14,71
0,135698,41,1,128,71
0,95030,1,1,141,72
0,95108,2,2,212,72
1,95022,2,2,212,72
0,127257,3,2,331,72
1,125354,3,2,331,72
0,95035,4,1,184,72
0,95051,5,1,80,72
0,95103,6,1,15,72
0,95057,7,1,86,72
0,95053,8,1,80,72
0,95025,9,1,75,72
0,95047,10,1,111,72
0,95037,11,1,174,72
0,95045,12,1,94,72
0,95038,13,1,95,72
0,95020,14,1,128,72
0,95059,15,1,110,72
0,95032,16,1,167,72
0,95031,17,1,153,72
0,95033,18,1,135,72
0,95054,19,1,72,72
0,95058,20,1,99,72
0,95056,21,1,84,72
0,134849,22,1,79,72
0,95034,23,1,141,72
0,95041,24,1,92,72
0,95043,25,1,100,72
0,95039,26,2,255,72
1,95023,26,2,255,72
0,95052,27,1,93,72
0,95021,28,1,167,72
0,95055,29,1,88,72
0,95027,30,1,80,72
0,95019,31,1,12,72
0,95046,32,1,86,72
0,95060,33,1,108,72
0,95026,34,1,86,72
0,95024,35,1,93,72
0,95042,36,1,89,72
0,95040,37,1,91,72
0,131819,38,1,38,72
0,95048,39,1,66,72
0,95044,40,1,79,72
0,95049,41,1,14,72
0,135698,42,1,128,72
0,95030,1,1,141,73
0,95022,2,1,157,73
0,125354,3,1,77,73
0,95035,4,1,184,73
0,127257,5,1,255,73
0,95051,6,1,80,73
0,95103,7,1,15,73
0,95057,8,1,86,73
0,95053,9,1,80,73
0,95025,10,1,75,73
0,95047,11,1,111,73
0,95037,12,1,174,73
0,95045,13,1,94,73
0,95038,14,1,95,73
0,95048,15,3,301,73
1,95059,15,3,301,73
2,95020,15,3,301,73
0,95032,16,1,167,73
0,95031,17,1,153,73
0,95033,18,1,135,73
0,95054,19,1,72,73
0,95058,20,1,99,73
0,95056,21,1,84,73
0,134849,22,1,79,73
0,95034,23,1,141,73
0,95041,24,1,92,73
0,95043,25,1,100,73
0,95023,26,1,160,73
0,95052,27,1,93,73
0,95021,28,1,167,73
0,95055,29,1,88,73
0,95027,30,1,80,73
0,95019,31,1,12,73
0,95039,32,1,96,73
0,95046,33,1,86,73
0,95060,34,1,108,73
0,95026,35,1,86,73
0,95024,36,1,93,73
0,95042,37,1,89,73
0,95040,38,1,91,73
0,131819,39,1,38,73
0,95108,40,1,56,73
0,95044,41,1,79,73
0,95049,42,1,14,73
0,135698,43,1,128,73
0,95030,1,1,141,74
0,95022,2,1,157,74
0,125354,3,2,203,74
1,95020,3,2,203,74
0,95035,4,1,184,74
0,127257,5,2,309,74
1,95108,5,2,309,74
0,95051,6,1,80,74
0,95103,7,1,15,74
0,95057,8,1,86,74
0,95053,9,1,80,74
0,95025,10,1,75,74
0,95047,11,1,111,74
0,95037,12,2,326,74
1,95031,12,2,326,74
0,95045,13,1,94,74
0,95038,14,1,95,74
0,95059,15,1,110,74
0,95032,16,1,167,74
0,95033,17,1,135,74
0,95042,18,2,160,74
1,95054,18,2,160,74
0,95058,19,1,99,74
0,95056,20,1,84,74
0,134849,21,1,79,74
0,95034,22,1,141,74
0,95041,23,1,92,74
0,95043,24,1,100,74
0,95023,25,1,160,74
0,95052,26,1,93,74
0,95021,27,1,167,74
0,95055,28,1,88,74
0,95027,29,1,80,74
0,95019,30,1,12,74
0,95039,31,1,96,74
0,95046,32,1,86,74
0,95060,33,1,108,74
0,95026,34,1,86,74
0,95024,35,1,93,74
0,95040,36,1,91,74
0,131819,37,1,38,74
0,95048,38,1,66,74
0,95044,39,1,79,74
0,95049,40,1,14,74
0,135698,41,1,128,74
0,95108,1,2,196,75
1,95030,1,2,196,75
0,95022,2,1,157,75
0,95048,3,3,265,75
1,125354,3,3,265,75
2,95020,3,3,265,75
0,95035,4,1,184,75
0,127257,5,1,255,75
0,95051,6,1,80,75
0,95103,7,1,15,75
0,95057,8,1,86,75
0,95053,9,1,80,75
0,95025,10,1,75,75
0,95047,11,1,111,75
0,95037,12,1,174,75
0,95045,13,1,94,75
0,95038,14,1,95,75
0,95059,15,1,110,75
0,95032,16,1,167,75
0,95031,17,1,153,75
0,95024,18,2,226,75
1,95033,18,2,226,75
0,95054,19,1,72,75
0,95058,20,1,99,75
0,95056,21,1,84,75
0,134849,22,1,79,75
0,95034,23,1,141,75
0,95041,24,1,92,75
0,95043,25,1,100,75
0,95023,26,1,160,75
0,95052,27,1,93,75
0,95021,28,1,167,75
0,95055,29,1,88,75
0,95027,30,1,80,75
0,95019,31,1,12,75
0,95039,32,1,96,75
0,95046,33,1,86,75
0,95060,34,1,108,75
0,95026,35,1,86,75
0,95042,36,1,89,75
0,95040,37,1,91,75
0,131819,38,1,38,75
0,95044,39,1,79,75
0,95049,40,1,14,75
0,135698,41,1,128,75
0,95030,1,1,141,76
0,95022,2,1,157,76
0,125354,3,2,203,76
1,95020,3,2,203,76
0,95035,4,1,184,76
0,127257,5,1,255,76
0,95051,6,1,80,76
0,95103,7,1,15,76
0,95057,8,1,86,76
0,95053,9,1,80,76
0,95025,10,1,75,76
0,95047,11,1,111,76
0,95037,12,1,174,76
0,95045,13,1,94,76
0,95038,14,1,95,76
0,95059,15,1,110,76
0,95032,16,1,167,76
0,95031,17,1,153,76
0,95033,18,1,135,76
0,95054,19,1,72,76
0,95058,20,1,99,76
0,95056,21,1,84,76
0,134849,22,1,79,76
0,95034,23,1,141,76
0,95041,24,1,92,76
0,95043,25,1,100,76
0,95039,26,2,255,76
1,95023,26,2,255,76
0,95052,27,1,93,76
0,95021,28,1,167,76
0,95055,29,1,88,76
0,95027,30,1,80,76
0,95019,31,1,12,76
0,95046,32,1,86,76
0,95060,33,1,108,76
0,95026,34,1,86,76
0,95024,35,1,93,76
0,95042,36,1,89,76
0,95040,37,1,91,76
0,131819,38,1,38,76
0,95048,39,1,66,76
0,95108,40,1,56,76
0,95044,41,1,79,76
0,95049,42,1,14,76
0,135698,43,1,128,76
0,95030,1,1,141,77
0,95022,2,1,157,77
0,125354,3,1,77,77
0,95035,4,1,184,77
0,127257,5,1,255,77
0,95051,6,1,80,77
0,95103,7,1,15,77
0,95057,8,1,86,77
0,95053,9,1,80,77
0,95025,10,1,75,77
0,95031,11,2,263,77
1,95047,11,2,263,77
0,95037,12,1,174,77
0,95045,13,1,94,77
0,95038,14,1,95,77
0,95020,15,1,128,77
0,95059,16,1,110,77
0,95032,17,1,167,77
0,95033,18,1,135,77
0,95054,19,1,72,77
0,95058,20,1,99,77
0,95056,21,1,84,77
0,134849,22,1,79,77
0,95034,23,1,141,77
0,95041,24,1,92,77
0,95043,25,1,100,77
0,95023,26,1,160,77
0,95052,27,1,93,77
0,95021,28,1,167,77
0,95055,29,1,88,77
0,95027,30,1,80,77
0,95019,31,1,12,77
0,95039,32,1,96,77
0,95046,33,1,86,77
0,95060,34,1,108,77
0,95026,35,1,86,77
0,95024,36,1,93,77
0,95042,37,1,89,77
0,95040,38,1,91,77
0,131819,39,1,38,77
0,95048,40,1,66,77
0,135698,41,2,183,77
1,95108,41,2,183,77
0,95044,42,1,79,77
0,95049,43,1,14,77
0,95030,1,1,141,78
0,95022,2,1,157,78
0,125354,3,1,77,78
0,95035,4,1,184,78
0,127257,5,1,255,78
0,95051,6,1,80,78
0,95103,7,1,15,78
0,95057,8,1,86,78
0,95053,9,1,80,78
0,95025,10,1,75,78
0,95047,11,1,111,78
0,95037,12,1,174,78
0,95045,13,1,94,78
0,95038,14,1,95,78
0,95020,15,1,128,78
0,95059,16,2,217,78
1,95060,16,2,217,78
0,95032,17,1,167,78
0,95031,18,1,153,78
0,95033,19,1,135,78
0,95054,20,1,72,78
0,95058,21,1,99,78
0,95056,22,1,84,78
0,134849,23,1,79,78
0,95034,24,1,141,78
0,95041,25,1,92,78
0,95043,26,1,100,78
0,95023,27,1,160,78
0,95052,28,1,93,78
0,95021,29,1,167,78
0,95055,30,1,88,78
0,95027,31,1,80,78
0,95019,32,1,12,78
0,95039,33,1,96,78
0,95024,34,2,178,78
1,95046,34,2,178,78
0,95026,35,1,86,78
0,95042,36,1,89,78
0,95040,37,1,91,78
0,131819,38,1,38,78
0,95048,39,1,66,78
0,95108,40,1,56,78
0,95044,41,1,79,78
0,95049,42,1,14,78
0,135698,43,1,128,78
0,95030,1,1,141,79
0,95022,2,1,157,79
0,125354,3,1,77,79
0,95035,4,1,184,79
0,127257,5,1,255,79
0,95051,6,1,80,79
0,95103,7,1,15,79
0,95057,8,1,86,79
0,95053,9,1,80,79
0,95025,10,1,75,79
0,95047,11,1,111,79
0,95037,12,1,174,79
0,95045,13,1,94,79
0,95038,14,1,95,79
0,95048,15,2,192,79
1,95020,15,2,192,79
0,95059,16,1,110,79
0,95032,17,1,167,79
0,95031,18,1,153,79
0,95033,19,1,135,79
0,95054,20,1,72,79
0,95058,21,1,99,79
0,95056,22,1,84,79
0,134849,23,1,79,79
0,95034,24,1,141,79
0,95041,25,1,92,79
0,95043,26,1,100,79
0,95039,27,2,255,79
1,95023,27,2,255,79
0,95052,28,1,93,79
0,95021,29,1,167,79
0,95055,30,1,88,79
0,95027,31,1,80,79
0,95019,32,1,12,79
0,95046,33,1,86,79
0,95060,34,1,108,79
0,95026,35,1,86,79
0,95024,36,1,93,79
0,95042,37,1,89,79
0,95040,38,1,91,79
0,131819,39,1,38,79
0,95108,40,1,56,79
0,95044,41,1,79,79
0,95049,42,1,14,79
0,135698,43,1,128,79
0,95033,1,2,275,80
1,95030,1,2,275,80
0,95022,2,1,157,80
0,125354,3,1,77,80
0,95035,4,1,184,80
0,127257,5,1,255,80
0,95051,6,1,80,80
0,95103,7,1,15,80
0,95057,8,1,86,80
0,95053,9,1,80,80
0,95025,10,1,75,80
0,95047,11,1,111,80
0,95037,12,1,174,80
0,95045,13,1,94,80
0,95038,14,1,95,80
0,95108,15,3,334,80
1,95020,15,3,334,80
2,95031,15,3,334,80
0,95059,16,1,110,80
0,95032,17,1,167,80
0,95054,18,1,72,80
0,95058,19,1,99,80
0,95056,20,1,84,80
0,134849,21,1,79,80
0,95034,22,1,141,80
0,95041,23,1,92,80
0,95043,24,1,100,80
0,95023,25,1,160,80
0,95052,26,1,93,80
0,95021,27,1,167,80
0,95055,28,1,88,80
0,95027,29,1,80,80
0,95019,30,1,12,80
0,95039,31,1,96,80
0,95046,32,1,86,80
0,95060,33,1,108,80
0,95026,34,1,86,80
0,95024,35,1,93,80
0,95042,36,1,89,80
0,95040,37,1,91,80
0,131819,38,1,38,80
0,95048,39,1,66,80
0,95044,40,1,79,80
0,95049,41,1,14,80
0,135698,42,1,128,80
0,127257,1,2,395,81
1,95030,1,2,395,81
0,95022,2,1,157,81
0,125354,3,1,77,81
0,95035,4,1,184,81
0,95051,5,1,80,81
0,95103,6,1,15,81
0,95057,7,1,86,81
0,95053,8,1,80,81
0,95025,9,1,75,81
0,95047,10,1,111,81
0,95037,11,1,174,81
0,95045,12,1,94,81
0,95038,13,1,95,81
0,95020,14,1,128,81
0,95059,15,1,110,81
0,95032,16,1,167,81
0,95031,17,1,153,81
0,95033,18,1,135,81
0,95054,19,1,72,81
0,95058,20,1,99,81
0,95056,21,1,84,81
0,134849,22,1,79,81
0,95034,23,1,141,81
0,95041,24,1,92,81
0,95043,25,1,100,81
0,95023,26,1,160,81
0,95052,27,1,93,81
0,95021,28,1,167,81
0,95055,29,1,88,81
0,95027,30,1,80,81
0,95019,31,1,12,81
0,95039,32,1,96,81
0,95046,33,1,86,81
0,95060,34,1,108,81
0,95026,35,1,86,81
0,95024,36,1,93,81
0,95042,37,1,89,81
0,95040,38,1,91,81
0,131819,39,1,38,81
0,95048,40,1,66,81
0,95108,41,2,134,81
1,95044,41,2,134,81
0,95049,42,1,14,81
0,135698,43,1,128,81
0,95030,1,1,141,82
0,95022,2,1,157,82
0,95048,3,4,357,82
1,125354,3,4,357,82
2,95020,3,4,357,82
3,95052,3,4,357,82
0,95035,4,1,184,82
0,127257,5,1,255,82
0,95051,6,1,80,82
0,95103,7,1,15,82
0,95057,8,1,86,82
0,95053,9,1,80,82
0,95025,10,1,75,82
0,95047,11,1,111,82
0,95037,12,1,174,82
0,95045,13,1,94,82
0,95038,14,2,247,82
1,95031,14,2,247,82
0,95059,15,1,110,82
0,95032,16,1,167,82
0,95033,17,1,135,82
0,95054,18,1,72,82
0,95058,19,1,99,82
0,95056,20,1,84,82
0,134849,21,1,79,82
0,95034,22,1,141,82
0,95041,23,1,92,82
0,95043,24,1,100,82
0,95023,25,1,160,82
0,95021,26,1,167,82
0,95055,27,1,88,82
0,95027,28,1,80,82
0,95019,29,1,12,82
0,95039,30,1,96,82
0,95046,31,1,86,82
0,95060,32,1,108,82
0,95026,33,1,86,82
0,95024,34,1,93,82
0,95042,35,1,89,82
0,95040,36,1,91,82
0,131819,37,1,38,82
0,95108,38,1,56,82
0,95044,39,1,79,82
0,95049,40,1,14,82
0,135698,41,1,128,82
0,95030,1,1,141,83
0,95022,2,1,157,83
0,125354,3,1,77,83
0,95035,4,1,184,83
0,127257,5,1,255,83
0,95051,6,1,80,83
0,95103,7,1,15,83
0,95057,8,1,86,83
0,95053,9,1,80,83
0,95025,10,1,75,83
0,95047,11,1,111,83
0,95037,12,1,174,83
0,95045,13,1,94,83
0,95038,14,1,95,83
0,95020,15,1,128,83
0,95059,16,1,110,83
0,95032,17,1,167,83
0,95031,18,1,153,83
0,95033,19,1,135,83
0,95054,20,1,72,83
0,95058,21,1,99,83
0,95056,22,1,84,83
0,134849,23,1,79,83
0,95034,24,1,141,83
0,95041,25,1,92,83
0,95043,26,1,100,83
0,95023,27,1,160,83
0,95052,28,1,93,83
0,95021,29,1,167,83
0,95055,30,1,88,83
0,95027,31,1,80,83
0,95019,32,1,12,83
0,95039,33,1,96,83
0,95046,34,1,86,83
0,95060,35,1,108,83
0,95026,36,1,86,83
0,95024,37,1,93,83
0,95042,38,1,89,83
0,95040,39,1,91,83
0,131819,40,1,38,83
0,95048,41,1,66,83
0,95108,42,1,56,83
0,95044,43,1,79,83
0,95049,44,1,14,83
0,135698,45,1,128,83
0,95030,1,1,141,84
0,95022,2,1,157,84
0,125354,3,1,77,84
0,95035,4,1,184,84
0,127257,5,1,255,84
0,95051,6,1,80,84
0,95103,7,1,15,84
0,95057,8,1,86,84
0,95053,9,1,80,84
0,95025,10,1,75,84
0,95047,11,1,111,84
0,95037,12,2,326,84
1,95031,12,2,326,84
0,95045,13,1,94,84
0,95038,14,1,95,84
0,95020,15,1,128,84
0,95059,16,1,110,84
0,95032,17,1,167,84
0,95033,18,1,135,84
0,95054,19,1,72,84
0,95058,20,1,99,84
0,95056,21,1,84,84
0,134849,22,1,79,84
0,95034,23,1,141,84
0,95041,24,1,92,84
0,95043,25,1,100,84
0,95023,26,1,160,84
0,95052,27,1,93,84
0,95021,28,1,167,84
0,95055,29,1,88,84
0,95027,30,1,80,84
0,95019,31,1,12,84
0,95039,32,1,96,84
0,95046,33,1,86,84
0,95060,34,1,108,84
0,95026,35,1,86,84
0,95024,36,1,93,84
0,95042,37,1,89,84
0,95040,38,1,91,84
0,131819,39,1,38,84
0,95048,40,1,66,84
0,95108,41,1,56,84
0,95044,42,1,79,84
0,95049,43,1,14,84
0,135698,44,1,128,84
0,95027,1,2,220,85
1,95030,1,2,220,85
0,95022,2,1,157,85
0,125354,3,1,77,85
0,95035,4,1,184,85
0,127257,5,1,255,85
0,95051,6,2,135,85
1,95108,6,2,135,85
0,95103,7,1,15,85
0,95057,8,1,86,85
0,95053,9,1,80,85
0,95025,10,1,75,85
0,95047,11,1,111,85
0,95037,12,1,174,85
0,95045,13,1,94,85
0,95038,14,1,95,85
0,95020,15,1,128,85
0,95059,16,1,110,85
0,95032,17,1,167,85
0,95031,18,1,153,85
0,95033,19,1,135,85
0,95054,20,1,72,85
0,95058,21,1,99,85
0,95056,22,2,191,85
1,95060,22,2,191,85
0,134849,23,1,79,85
0,95034,24,1,141,85
0,95041,25,1,92,85
0,95043,26,1,100,85
0,95023,27,1,160,85
0,95052,28,1,93,85
0,95019,29,2,178,85
1,95021,29,2,178,85
0,95055,30,1,88,85
0,95039,31,1,96,85
0,95046,32,1,86,85
0,95026,33,1,86,85
0,95024,34,1,93,85
0,95042,35,1,89,85
0,95040,36,1,91,85
0,131819,37,1,38,85
0,95048,38,1,66,85
0,95044,39,1,79,85
0,95049,40,1,14,85
0,135698,41,1,128,85
0,95030,1,1,141,86
0,95026,2,2,242,86
1,95022,2,2,242,86
0,125354,3,1,77,86
0,95035,4,1,184,86
0,127257,5,1,255,86
0,95051,6,1,80,86
0,95103,7,1,15,86
0,95057,8,1,86,86
0,95053,9,1,80,86
0,95025,10,1,75,86
0,95047,11,1,111,86
0,95037,12,1,174,86
0,95045,13,1,94,86
0,95038,14,1,95,86
0,95020,15,1,128,86
0,95059,16,1,110,86
0,95032,17,1,167,86
0,95031,18,1,153,86
0,95033,19,1,135,86
0,95054,20,1,72,86
0,95058,21,1,99,86
0,95056,22,1,84,86
0,134849,23,1,79,86
0,95034,24,1,141,86
0,95041,25,1,92,86
0,95043,26,1,100,86
0,95023,27,1,160,86
0,95052,28,1,93,86
0,95019,29,2,178,86
1,95021,29,2,178,86
0,95055,30,1,88,86
0,95027,31,1,80,86
0,95039,32,1,96,86
0,95046,33,1,86,86
0,95060,34,1,108,86
0,95024,35,1,93,86
0,95042,36,1,89,86
0,95040,37,1,91,86
0,131819,38,1,38,86
0,95048,39,1,66,86
0,95108,40,1,56,86
0,95044,41,1,79,86
0,95049,42,1,14,86
0,135698,43,1,128,86
0,95024,1,3,365,87
1,95033,1,3,365,87
2,95030,1,3,365,87
0,95022,2,1,157,87
0,125354,3,1,77,87
0,95035,4,1,184,87
0,127257,5,1,255,87
0,95051,6,1,80,87
0,95103,7,1,15,87
0,95057,8,1,86,87
0,95053,9,1,80,87
0,95025,10,1,75,87
0,95047,11,1,111,87
0,95037,12,1,174,87
0,95045,13,1,94,87
0,95038,14,1,95,87
0,95020,15,1,128,87
0,95059,16,1,110,87
0,95032,17,1,167,87
0,95031,18,1,153,87
0,95042,19,2,160,87
1,95054,19,2,160,87
0,95058,20,1,99,87
0,95056,21,1,84,87
0,134849,22,1,79,87
0,95034,23,1,141,87
0,95041,24,1,92,87
0,95043,25,1,100,87
0,95023,26,1,160,87
0,95052,27,1,93,87
0,95021,28,1,167,87
0,95055,29,1,88,87
0,95027,30,1,80,87
0,95019,31,1,12,87
0,95039,32,1,96,87
0,95046,33,1,86,87
0,95060,34,1,108,87
0,95026,35,1,86,87
0,95040,36,1,91,87
0,131819,37,1,38,87
0,95048,38,1,66,87
0,95108,39,1,56,87
0,95044,40,1,79,87
0,95049,41,1,14,87
0,135698,42,1,128,87
0,95030,1,1,141,88
0,95022,2,1,157,88
0,125354,3,1,77,88
0,95035,4,1,184,88
0,127257,5,2,266,88
1,95019,5,2,266,88
0,95051,6,1,80,88
0,95103,7,1,15,88
0,95057,8,1,86,88
0,95053,9,1,80,88
0,95025,10,1,75,88
0,95047,11,1,111,88
0,95037,12,1,174,88
0,95045,13,1,94,88
0,95038,14,1,95,88
0,95020,15,1,128,88
0,95059,16,2,217,88
1,95060,16,2,217,88
0,95032,17,1,167,88
0,95031,18,1,153,88
0,95033,19,1,135,88
0,95054,20,1,72,88
0,95058,21,1,99,88
0,95056,22,1,84,88
0,134849,23,1,79,88
0,95034,24,1,141,88
0,95041,25,1,92,88
0,95043,26,1,100,88
0,95023,27,1,160,88
0,95052,28,1,93,88
0,95108,29,2,222,88
1,95021,29,2,222,88
0,95055,30,1,88,88
0,95027,31,1,80,88
0,95039,32,1,96,88
0,95046,33,1,86,88
0,95026,34,1,86,88
0,95024,35,1,93,88
0,95042,36,1,89,88
0,95040,37,1,91,88
0,131819,38,1,38,88
0,95048,39,1,66,88
0,95044,40,1,79,88
0,95049,41,1,14,88
0,135698,42,1,128,88
0,95030,1,1,141,89
0,95026,2,2,242,89
1,95022,2,2,242,89
0,125354,3,1,77,89
0,95035,4,1,184,89
0,127257,5,1,255,89
0,95051,6,1,80,89
0,95103,7,1,15,89
0,95057,8,1,86,89
0,95053,9,1,80,89
0,95025,10,1,75,89
0,95047,11,1,111,89
0,95037,12,2,326,89
1,95031,12,2,326,89
0,95045,13,1,94,89
0,95038,14,1,95,89
0,95108,15,2,182,89
1,95020,15,2,182,89
0,95059,16,2,217,89
1,95060,16,2,217,89
0,95032,17,1,167,89
0,95033,18,1,135,89
0,95054,19,1,72,89
0,95058,20,1,99,89
0,95056,21,1,84,89
0,134849,22,1,79,89
0,95034,23,1,141,89
0,95041,24,1,92,89
0,95043,25,1,100,89
0,95023,26,1,160,89
0,95052,27,1,93,89
0,95021,28,1,167,89
0,95055,29,1,88,89
0,95027,30,1,80,89
0,95019,31,1,12,89
0,95039,32,1,96,89
0,95046,33,1,86,89
0,95024,34,1,93,89
0,95042,35,1,89,89
0,95040,36,1,91,89
0,131819,37,1,38,89
0,95048,38,1,66,89
0,95044,39,1,79,89
0,95049,40,1,14,89
0,135698,41,1,128,89
0,95030,1,1,141,90
0,95022,2,1,157,90
0,95048,3,2,139,90
1,125354,3,2,139,90
0,95035,4,1,184,90
0,127257,5,1,255,90
0,95051,6,1,80,90
0,95103,7,1,15,90
0,95057,8,1,86,90
0,95053,9,1,80,90
0,95025,10,1,75,90
0,95047,11,1,111,90
0,95037,12,1,174,90
0,95045,13,1,94,90
0,95038,14,1,95,90
0,95020,15,1,128,90
0,95059,16,1,110,90
0,95032,17,1,167,90
0,95031,18,1,153,90
0,95033,19,1,135,90
0,95054,20,1,72,90
0,95058,21,1,99,90
0,95056,22,1,84,90
0,134849,23,1,79,90
0,95034,24,1,141,90
0,95041,25,1,92,90
0,95043,26,1,100,90
0,95023,27,1,160,90
0,95052,28,1,93,90
0,95021,29,1,167,90
0,95055,30,1,88,90
0,95027,31,1,80,90
0,95019,32,1,12,90
0,95039,33,1,96,90
0,95046,34,1,86,90
0,95060,35,1,108,90
0,95026,36,1,86,90
0,95024,37,1,93,90
0,95042,38,1,89,90
0,95040,39,1,91,90
0,131819,40,1,38,90
0,95108,41,1,56,90
0,95044,42,1,79,90
0,95049,43,1,14,90
0,135698,44,1,128,90
0,95030,1,1,141,91
0,95022,2,1,157,91
0,125354,3,2,203,91
1,95020,3,2,203,91
0,95035,4,1,184,91
0,127257,5,2,309,91
1,95108,5,2,309,91
0,95051,6,1,80,91
0,95103,7,1,15,91
0,95057,8,2,179,91
1,95045,8,2,179,91
0,95053,9,1,80,91
0,95025,10,1,75,91
0,95047,11,1,111,91
0,95037,12,1,174,91
0,95038,13,1,95,91
0,95059,14,1,110,91
0,95032,15,1,167,91
0,95031,16,1,153,91
0,95033,17,1,135,91
0,95054,18,1,72,91
0,95058,19,1,99,91
0,95056,20,1,84,91
0,134849,21,1,79,91
0,95034,22,1,141,91
0,95041,23,1,92,91
0,95043,24,1,100,91
0,95023,25,1,160,91
0,95052,26,1,93,91
0,95021,27,1,167,91
0,95055,28,1,88,91
0,95027,29,1,80,91
0,95019,30,1,12,91
0,95039,31,1,96,91
0,95046,32,1,86,91
0,95060,33,1,108,91
0,95026,34,1,86,91
0,95024,35,1,93,91
0,95042,36,1,89,91
0,95040,37,1,91,91
0,131819,38,1,38,91
0,95048,39,1,66,91
0,95044,40,1,79,91
0,95049,41,1,14,91
0,135698,42,1,128,91
0,95030,1,1,141,92
0,95022,2,1,157,92
0,95048,3,2,139,92
1,125354,3,2,139,92
0,95035,4,1,184,92
0,127257,5,1,255,92
0,95051,6,1,80,92
0,95103,7,1,15,92
0,95057,8,1,86,92
0,95053,9,1,80,92
0,95025,10,1,75,92
0,95047,11,1,111,92
0,95037,12,1,174,92
0,95045,13,1,94,92
0,95038,14,1,95,92
0,95020,15,1,128,92
0,95059,16,2,217,92
1,95060,16,2,217,92
0,95032,17,1,167,92
0,95031,18,1,153,92
0,95033,19,1,135,92
0,95054,20,1,72,92
0,95058,21,1,99,92
0,95056,22,1,84,92
0,134849,23,1,79,92
0,95034,24,1,141,92
0,95041,25,1,92,92
0,95043,26,1,100,92
0,95023,27,1,160,92
0,95052,28,1,93,92
0,95021,29,1,167,92
0,95055,30,1,88,92
0,95027,31,1,80,92
0,95019,32,1,12,92
0,95039,33,1,96,92
0,95046,34,1,86,92
0,95026,35,1,86,92
0,95024,36,1,93,92
0,95042,37,1,89,92
0,95040,38,1,91,92
0,131819,39,1,38,92
0,95108,40,1,56,92
0,95044,41,1,79,92
0,95049,42,1,14,92
0,135698,43,1,128,92
0,95030,1,1,141,93
0,95022,2,1,157,93
0,95048,3,2,139,93
1,125354,3,2,139,93
0,95035,4,1,184,93
0,127257,5,1,255,93
0,95051,6,1,80,93
0,95103,7,1,15,93
0,95057,8,2,179,93
1,95045,8,2,179,93
0,95053,9,1,80,93
0,95025,10,1,75,93
0,95047,11,1,111,93
0,95037,12,1,174,93
0,95038,13,1,95,93
0,95020,14,2,280,93
1,95031,14,2,280,93
0,95059,15,1,110,93
0,95032,16,1,167,93
0,95033,17,1,135,93
0,95054,18,1,72,93
0,95058,19,1,99,93
0,95056,20,1,84,93
0,134849,21,1,79,93
0,95034,22,1,141,93
0,95041,23,1,92,93
0,95043,24,1,100,93
0,95023,25,1,160,93
0,95052,26,1,93,93
0,95021,27,1,167,93
0,95055,28,1,88,93
0,95027,29,1,80,93
0,95019,30,1,12,93
0,95039,31,1,96,93
0,95046,32,1,86,93
0,95060,33,1,108,93
0,95026,34,1,86,93
0,95024,35,1,93,93
0,95042,36,1,89,93
0,95040,37,1,91,93
0,131819,38,1,38,93
0,95108,39,1,56,93
0,95044,40,1,79,93
0,95049,41,1,14,93
0,135698,42,1,128,93
0,95030,1,1,141,94
0,95022,2,1,157,94
0,95048,3,2,139,94
1,125354,3,2,139,94
0,95035,4,1,184,94
0,127257,5,1,255,94
0,95051,6,1,80,94
0,95103,7,1,15,94
0,95057,8,1,86,94
0,95053,9,1,80,94
0,95025,10,1,75,94
0,95047,11,1,111,94
0,95037,12,1,174,94
0,95045,13,1,94,94
0,95038,14,1,95,94
0,95020,15,1,128,94
0,95059,16,2,165,94
1,95108,16,2,165,94
0,95032,17,1,167,94
0,95031,18,1,153,94
0,95033,19,1,135,94
0,95054,20,1,72,94
0,95058,21,1,99,94
0,95056,22,1,84,94
0,134849,23,1,79,94
0,95034,24,1,141,94
0,95041,25,1,92,94
0,95043,26,1,100,94
0,95023,27,1,160,94
0,95052,28,1,93,94
0,95021,29,1,167,94
0,95055,30,1,88,94
0,95027,31,1,80,94
0,95019,32,1,12,94
0,95039,33,1,96,94
0,95046,34,1,86,94
0,95060,35,1,108,94
0,95026,36,1,86,94
0,95024,37,1,93,94
0,95042,38,1,89,94
0,95040,39,1,91,94
0,131819,40,1,38,94
0,95044,41,1,79,94
0,95049,42,1,14,94
0,135698,43,1,128,94
0,95030,1,1,141,95
0,95022,2,1,157,95
0,125354,3,1,77,95
0,95035,4,1,184,95
0,127257,5,2,309,95
1,95108,5,2,309,95
0,95051,6,1,80,95
0,95103,7,1,15,95
0,95057,8,1,86,95
0,95053,9,1,80,95
0,95025,10,1,75,95
0,95047,11,1,111,95
0,95037,12,1,174,95
0,95045,13,1,94,95
0,95038,14,1,95,95
0,95020,15,1,128,95
0,95059,16,1,110,95
0,95032,17,1,167,95
0,95031,18,1,153,95
0,95033,19,1,135,95
0,95054,20,1,72,95
0,95058,21,1,99,95
0,95056,22,1,84,95
0,134849,23,1,79,95
0,95034,24,1,141,95
0,95041,25,1,92,95
0,95043,26,1,100,95
0,95023,27,1,160,95
0,95048,28,2,158,95
1,95052,28,2,158,95
0,95021,29,1,167,95
0,95055,30,1,88,95
0,95027,31,1,80,95
0,95019,32,1,12,95
0,95039,33,1,96,95
0,95046,34,1,86,95
0,95060,35,1,108,95
0,95026,36,1,86,95
0,95024,37,1,93,95
0,95042,38,1,89,95
0,95040,39,1,91,95
0,131819,40,1,38,95
0,95044,41,1,79,95
0,95049,42,1,14,95
0,135698,43,1,128,95
0,95030,1,1,141,96
0,95022,2,1,157,96
0,125354,3,1,77,96
0,95035,4,1,184,96
0,127257,5,1,255,96
0,95051,6,1,80,96
0,95103,7,1,15,96
0,95057,8,1,86,96
0,95053,9,1,80,96
0,95025,10,1,75,96
0,95047,11,1,111,96
0,95037,12,1,174,96
0,95045,13,1,94,96
0,95038,14,1,95,96
0,95020,15,1,128,96
0,95059,16,1,110,96
0,95032,17,1,167,96
0,95031,18,1,153,96
0,95033,19,1,135,96
0,95054,20,1,72,96
0,95058,21,1,99,96
0,95056,22,1,84,96
0,134849,23,1,79,96
0,95034,24,1,141,96
0,95041,25,1,92,96
0,95043,26,1,100,96
0,95023,27,1,160,96
0,95052,28,1,93,96
0,95021,29,1,167,96
0,95055,30,1,88,96
0,95027,31,1,80,96
0,95019,32,1,12,96
0,95039,33,1,96,96
0,95046,34,1,86,96
0,95060,35,1,108,96
0,95026,36,1,86,96
0,95024,37,1,93,96
0,95042,38,1,89,96
0,95040,39,1,91,96
0,131819,40,1,38,96
0,95048,41,1,66,96
0,135698,42,2,183,96
1,95108,42,2,183,96
0,95044,43,1,79,96
0,95049,44,1,14,96
0,95030,1,1,141,97
0,95022,2,1,157,97
0,125354,3,1,77,97
0,95035,4,1,184,97
0,127257,5,1,255,97
0,95051,6,1,80,97
0,95103,7,1,15,97
0,95057,8,1,86,97
0,95053,9,1,80,97
0,95025,10,1,75,97
0,95047,11,1,111,97
0,95037,12,1,174,97
0,95045,13,1,94,97
0,95038,14,1,95,97
0,95020,15,1,128,97
0,95059,16,2,165,97
1,95108,16,2,165,97
0,95032,17,1,167,97
0,95031,18,1,153,97
0,95033,19,1,135,97
0,95054,20,1,72,97
0,95058,21,1,99,97
0,95056,22,1,84,97
0,134849,23,1,79,97
0,95034,24,1,141,97
0,95041,25,1,92,97
0,95043,26,1,100,97
0,95023,27,1,160,97
0,95052,28,1,93,97
0,95021,29,1,167,97
0,95055,30,1,88,97
0,95027,31,1,80,97
0,95019,32,1,12,97
0,95039,33,1,96,97
0,95046,34,1,86,97
0,95060,35,1,108,97
0,95026,36,1,86,97
0,95024,37,1,93,97
0,95042,38,1,89,97
0,95040,39,1,91,97
0,131819,40,1,38,97
0,95048,41,1,66,97
0,95044,42,1,79,97
0,95049,43,1,14,97
0,135698,44,1,128,97
0,95059,1,3,305,98
1,95108,1,3,305,98
2,95030,1,3,305,98
0,95022,2,1,157,98
0,95048,3,2,139,98
1,125354,3,2,139,98
0,95035,4,1,184,98
0,127257,5,1,255,98
0,95051,6,1,80,98
0,95103,7,1,15,98
0,95057,8,1,86,98
0,95053,9,1,80,98
0,95025,10,1,75,98
0,95047,11,1,111,98
0,95037,12,1,174,98
0,95045,13,1,94,98
0,95038,14,1,95,98
0,95020,15,1,128,98
0,95032,16,1,167,98
0,95031,17,1,153,98
0,95033,18,1,135,98
0,95054,19,1,72,98
0,95058,20,1,99,98
0,95056,21,1,84,98
0,134849,22,1,79,98
0,95034,23,1,141,98
0,95041,24,1,92,98
0,95043,25,1,100,98
0,95023,26,1,160,98
0,95052,27,1,93,98
0,95021,28,1,167,98
0,95055,29,1,88,98
0,95027,30,1,80,98
0,95019,31,1,12,98
0,95039,32,1,96,98
0,95046,33,1,86,98
0,95060,34,1,108,98
0,95026,35,1,86,98
0,95024,36,1,93,98
0,95042,37,1,89,98
0,95040,38,1,91,98
0,131819,39,1,38,98
0,95044,40,1,79,98
0,95049,41,1,14,98
0,135698,42,1,128,98
0,95030,1,1,141,99
0,95022,2,1,157,99
0,125354,3,1,77,99
0,95035,4,1,184,99
0,127257,5,1,255,99
0,95051,6,1,80,99
0,95103,7,1,15,99
0,95057,8,1,86,99
0,95053,9,1,80,99
0,95025,10,1,75,99
0,95047,11,1,111,99
0,95037,12,1,174,99
0,95045,13,1,94,99
0,95038,14,1,95,99
0,95020,15,1,128,99
0,95059,16,1,110,99
0,95032,17,1,167,99
0,95031,18,1,153,99
0,95033,19,1,135,99
0,95054,20,1,72,99
0,95058,21,1,99,99
0,95056,22,1,84,99
0,134849,23,1,79,99
0,95034,24,1,141,99
0,95041,25,1,92,99
0,95043,26,1,100,99
0,95023,27,1,160,99
0,95052,28,1,93,99
0,95021,29,1,167,99
0,95055,30,1,88,99
0,95027,31,1,80,99
0,95019,32,1,12,99
0,95039,33,1,96,99
0,95046,34,1,86,99
0,95060,35,1,108,99
0,95026,36,1,86,99
0,95024,37,1,93,99
0,95042,38,1,89,99
0,95040,39,1,91,99
0,131819,40,1,38,99
0,95048,41,1,66,99
0,95108,42,1,56,99
0,95044,43,1,79,99
0,95049,44,1,14,99
0,135698,45,1,128,99
0,95030,1,1,141,100
0,95022,2,1,157,100
0,125354,3,2,203,100
1,95020,3,2,203,100
0,95035,4,1,184,100
0,127257,5,1,255,100
0,95051,6,1,80,100
0,95103,7,1,15,100
0,95057,8,1,86,100
0,95053,9,1,80,100
0,95025,10,1,75,100
0,95047,11,1,111,100
0,95037,12,1,174,100
0,95045,13,1,94,100
0,95038,14,1,95,100
0,95059,15,1,110,100
0,95032,16,1,167,100
0,95031,17,1,153,100
0,95033,18,1,135,100
0,95054,19,1,72,100
0,95058,20,1,99,100
0,95056,21,1,84,100
0,134849,22,1,79,100
0,95034,23,1,141,100
0,95041,24,1,92,100
0,95043,25,1,100,100
0,95023,26,1,160,100
0,95052,27,1,93,100
0,95021,28,1,167,100
0,95055,29,1,88,100
0,95027,30,1,80,100
0,95019,31,1,12,100
0,95039,32,1,96,100
0,95046,33,1,86,100
0,95060,34,1,108,100
0,95026,35,1,86,100
0,95024,36,1,93,100
0,95042,37,1,89,100
0,95040,38,1,91,100
0,131819,39,1,38,100
0,95048,40,1,66,100
0,95108,41,1,56,100
0,95044,42,1,79,100
0,95049,43,1,14,100
0,135698,44,1,128,100
